ITEM_ID,ITEM_START,COICOP2,COICOP3,COICOP4,COICOP5,Category1,Category2,ITEM_DESC,WEIGHT\SIZE,AVERAGE_PRICE
520130,200302,Miscellaneous goods and services,Personal effects (nec),"Jewellery, clocks and watches",Jewellery,Clothing and footwear,Accessories,Solid gold ring,9ct,350.204
520131,200402,Miscellaneous goods and services,Personal effects (nec),"Jewellery, clocks and watches",Clocks and watches,Clothing and footwear,Accessories,Men's analogue  watch,one,220.259
520137,200802,Miscellaneous goods and services,Personal effects (nec),"Jewellery, clocks and watches",Jewellery,Clothing and footwear,Accessories,Sterling silver earrings,1 pair,24.969
520140,201402,Miscellaneous goods and services,Personal effects (nec),"Jewellery, clocks and watches",Jewellery,Clothing and footwear,Accessories,Fashion necklace,one,14.978
510439,202302,Clothing and footwear,Clothing,Other clothing and clothing accessories,Other articles of clothing,Clothing and footwear,Accessories,Men's belt,one,19.862
510434,201902,Clothing and footwear,Clothing,Other clothing and clothing accessories,Other articles of clothing,Clothing and footwear,Accessories,Adult hat/cap,one,16.316
520109,198902,Miscellaneous goods and services,Personal effects (nec),Other personal effects,Travel goods,Clothing and footwear,Accessories,Ladies' handbag/shoulder bag,one,49.955
510429,199702,Clothing and footwear,Clothing,Other clothing and clothing accessories,Clothing accessories,Clothing and footwear,Accessories,Knitting wool,100g,2.304
510432,201102,Clothing and footwear,Clothing,Other clothing and clothing accessories,Other articles of clothing,Clothing and footwear,Accessories,Lady's scarf,one,14.237
510324,200202,Clothing and footwear,Clothing,Garments,Garments for inf (0 to 2 yrs.) & child (3 to 13 yrs.),Clothing and footwear,Children's clothing,School trousers (5-13 yrs.),,10.69
510328,200202,Clothing and footwear,Clothing,Garments,Garments for inf (0 to 2 yrs.) & child (3 to 13 yrs.),Clothing and footwear,Children's clothing,Boy's jeans (5-13 yrs.),,13.161
510330,200202,Clothing and footwear,Clothing,Garments,Garments for inf (0 to 2 yrs.) & child (3 to 13 yrs.),Clothing and footwear,Children's clothing,Baby grow or sleepsuit (0-2 yrs.),,7.953
510336,200202,Clothing and footwear,Clothing,Garments,Garments for inf (0 to 2 yrs.) & child (3 to 13 yrs.),Clothing and footwear,Children's clothing,Girl's skirt for school (5-13 yrs.),,8.879
510340,200402,Clothing and footwear,Clothing,Garments,Garments for inf (0 to 2 yrs.) & child (3 to 13 yrs.),Clothing and footwear,Children's clothing,Girl's fashion top (12-13 yrs.),,8.806
510344,200602,Clothing and footwear,Clothing,Garments,Garments for inf (0 to 2 yrs.) & child (3 to 13 yrs.),Clothing and footwear,Children's clothing,Girl's trousers non-denim (5-13 yrs.),,12.24
510347,201102,Clothing and footwear,Clothing,Garments,Garments for inf (0 to 2 yrs.) & child (3 to 13 yrs.),Clothing and footwear,Children's clothing,Girl's jacket (5-13 yrs.),,24.059
510348,201602,Clothing and footwear,Clothing,Garments,Garments for inf (0 to 2 yrs.) & child (3 to 13 yrs.),Clothing and footwear,Children's clothing,Boy's t-shirt (3-13 yrs.),,9.771
510349,201802,Clothing and footwear,Clothing,Garments,Garments for inf (0 to 2 yrs.) & child (3 to 13 yrs.),Clothing and footwear,Children's clothing,Girl's leggings (5-13 yrs.),,6.704
510350,202102,Clothing and footwear,Clothing,Garments,Garments for inf (0 to 2 yrs.) & child (3 to 13 yrs.),Clothing and footwear,Children's clothing,Boy's jumper/sweatshirt/cardigan,,13.384
510351,202102,Clothing and footwear,Clothing,Garments,Garments for inf (0 to 2 yrs.) & child (3 to 13 yrs.),Clothing and footwear,Children's clothing,Infant's trousers (0-2 yrs.),,8.618
510352,202102,Clothing and footwear,Clothing,Garments,Garments for inf (0 to 2 yrs.) & child (3 to 13 yrs.),Clothing and footwear,Children's clothing,Infant's jumper/sweatshirt/cardigan,,9.036
510436,202202,Clothing and footwear,Clothing,Garments,Garments for inf (0 to 2 yrs.) & child (3 to 13 yrs.),Clothing and footwear,Children's clothing,Child's pyjamas (3-13 yrs.),,10.419
510437,202202,Clothing and footwear,Clothing,Garments,Garments for inf (0 to 2 yrs.) & child (3 to 13 yrs.),Clothing and footwear,Children's clothing,Child's pants (3-13 yrs.),1 pair,1.159
510438,202202,Clothing and footwear,Clothing,Garments,Garments for inf (0 to 2 yrs.) & child (3 to 13 yrs.),Clothing and footwear,Children's clothing,Child's socks,1 pair,1.001
510353,202302,Clothing and footwear,Clothing,Garments,Garments for inf (0 to 2 yrs.) & child (3 to 13 yrs.),Clothing and footwear,Children's clothing,Infant's dress (0-2 yrs.), ,12.339
510528,200302,Clothing and footwear,Footwear including repairs,Footwear including repairs,Footwear for infants and children,Clothing and footwear,Children's footwear,Child's sports trainers,,34.186
510104,198702,Clothing and footwear,Clothing,Garments,Garments for men,Clothing and footwear,Men's clothing,Men's jacket/coat,,75.267
510106,198702,Clothing and footwear,Clothing,Garments,Garments for men,Clothing and footwear,Men's clothing,Men's jeans,,48.362
510108,198702,Clothing and footwear,Clothing,Garments,Garments for men,Clothing and footwear,Men's clothing,Men's knitted jumper,,36.2
510109,198702,Clothing and footwear,Clothing,Garments,Garments for men,Clothing and footwear,Men's clothing,Men's formal long sleeve shirt,,29.756
510113,199302,Clothing and footwear,Clothing,Garments,Garments for men,Clothing and footwear,Men's clothing,Men's casual short sleeve top,,30.373
510117,199702,Clothing and footwear,Clothing,Garments,Garments for men,Clothing and footwear,Men's clothing,Men's formal trousers,,42.28
510118,199702,Clothing and footwear,Clothing,Garments,Garments for men,Clothing and footwear,Men's clothing,Men's casual trousers,,41.383
510120,199702,Clothing and footwear,Clothing,Garments,Garments for men,Clothing and footwear,Men's clothing,Men's jumper or sweatshirt,,36.501
510128,200402,Clothing and footwear,Clothing,Garments,Garments for men,Clothing and footwear,Men's clothing,Men's branded sports sweatshirt,,43.051
510130,200602,Clothing and footwear,Clothing,Garments,Garments for men,Clothing and footwear,Men's clothing,Men's coat,3/4 to full length,125.099
510131,201102,Clothing and footwear,Clothing,Garments,Garments for men,Clothing and footwear,Men's clothing,Men's casual shirt,,37.912
510132,201302,Clothing and footwear,Clothing,Garments,Garments for men,Clothing and footwear,Men's clothing,Men's short sleeved t-shirt,,13.884
510133,202102,Clothing and footwear,Clothing,Garments,Garments for men,Clothing and footwear,Men's clothing,Men's loungewear bottoms,,26.126
510134,202202,Clothing and footwear,Clothing,Garments,Garments for men,Clothing and footwear,Men's clothing,Men's formal jacket/blazer,,112.751
510413,198702,Clothing and footwear,Clothing,Garments,Garments for men,Clothing and footwear,Men's clothing,Men's socks,1 pair,3.681
510419,198702,Clothing and footwear,Clothing,Other clothing and clothing accessories,Other articles of clothing,Clothing and footwear,Men's clothing,Men's tie,,15.542
510433,201702,Clothing and footwear,Clothing,Garments,Garments for men,Clothing and footwear,Men's clothing,Men's base layer top,,26.308
510501,198702,Clothing and footwear,Footwear including repairs,Footwear including repairs,Footwear for men,Clothing and footwear,Men's footwear,Men's formal shoes,,62.193
510515,199702,Clothing and footwear,Footwear including repairs,Footwear including repairs,Footwear for men,Clothing and footwear,Men's footwear,Men's casual shoes,,54.621
510516,199702,Clothing and footwear,Footwear including repairs,Footwear including repairs,Footwear for men,Clothing and footwear,Men's footwear,Men's training shoes,,55.436
510535,201402,Clothing and footwear,Footwear including repairs,Footwear including repairs,Footwear for men,Clothing and footwear,Men's footwear,Men's canvas fashion shoe/trainer,,26.585
510534,201202,Clothing and footwear,Footwear including repairs,Footwear including repairs,Footwear for men,Clothing and footwear,Men's footwear,Men's walking/hiking boot,,106.024
510206,198702,Clothing and footwear,Clothing,Garments,Garments for women,Clothing and footwear,Women's clothing,Women's blouse/shirt,,25.341
510208,198702,Clothing and footwear,Clothing,Garments,Garments for women,Clothing and footwear,Women's clothing,Women's formal jacket,,44.91
510212,198702,Clothing and footwear,Clothing,Garments,Garments for women,Clothing and footwear,Women's clothing,Women's jumper,,27.729
510215,198702,Clothing and footwear,Clothing,Garments,Garments for women,Clothing and footwear,Women's clothing,Women's basic plain t-shirt,,11.249
510219,199702,Clothing and footwear,Clothing,Garments,Garments for women,Clothing and footwear,Women's clothing,Women's casual outer jacket,,53.796
510223,199702,Clothing and footwear,Clothing,Garments,Garments for women,Clothing and footwear,Women's clothing,Women's long sleeve top,,18.926
510233,199902,Clothing and footwear,Clothing,Garments,Garments for women,Clothing and footwear,Women's clothing,Women's cardigan,,26.718
510235,200102,Clothing and footwear,Clothing,Garments,Garments for women,Clothing and footwear,Women's clothing,Women's casual trousers,,28.391
510236,200102,Clothing and footwear,Clothing,Garments,Garments for women,Clothing and footwear,Women's clothing,Women's formal trousers,,31.503
510237,200102,Clothing and footwear,Clothing,Garments,Garments for women,Clothing and footwear,Women's clothing,Women's casual skirt,,24.608
510245,200202,Clothing and footwear,Clothing,Garments,Garments for women,Clothing and footwear,Women's clothing,Women's dress,,34.94
510248,200402,Clothing and footwear,Clothing,Garments,Garments for women,Clothing and footwear,Women's clothing,Women's non-branded jeans,,25.145
510250,200602,Clothing and footwear,Clothing,Garments,Garments for women,Clothing and footwear,Women's clothing,Women's coat,,64.266
510257,201102,Clothing and footwear,Clothing,Garments,Garments for women,Clothing and footwear,Women's clothing,Women's casual blouse/shirt,,28.472
510258,201602,Clothing and footwear,Clothing,Garments,Garments for women,Clothing and footwear,Women's clothing,Women's full length leggings,,13.122
510259,201602,Clothing and footwear,Clothing,Garments,Garments for women,Clothing and footwear,Women's clothing,Women's short-sleeve/sleeveless formal top,,20.226
510405,198702,Clothing and footwear,Clothing,Garments,Garments for women,Clothing and footwear,Women's clothing,Women's nightdress/pyjamas,,17.723
510406,198702,Clothing and footwear,Clothing,Garments,Garments for women,Clothing and footwear,Women's clothing,Women's pants,,5.106
510407,198702,Clothing and footwear,Clothing,Garments,Garments for women,Clothing and footwear,Women's clothing,Bra,cup size A-D range,13.753
510506,198702,Clothing and footwear,Footwear including repairs,Footwear including repairs,Footwear for women,Clothing and footwear,Women's footwear,Women's sandals,,36.663
510529,200402,Clothing and footwear,Footwear including repairs,Footwear including repairs,Footwear for women,Clothing and footwear,Women's footwear,Women's boots,,57.214
510530,200402,Clothing and footwear,Footwear including repairs,Footwear including repairs,Footwear for women,Clothing and footwear,Women's footwear,Women's flat shoes,,41.192
310207,199702,Alcoholic beverages and tobacco,Alcoholic beverages,Beer,Other alcoholic beer,Food and drink,Alcohol,Bitter,4 cans (440-500ml),4.389
310215,200402,Alcoholic beverages and tobacco,Alcoholic beverages,Beer,Lager beer,Food and drink,Alcohol,Premium lager ,4 bottles ,5.564
310216,200402,Alcoholic beverages and tobacco,Alcoholic beverages,Beer,Lager beer,Food and drink,Alcohol,Cans of lager ,10-24 cans (440-500ml),12.267
310219,201202,Alcoholic beverages and tobacco,Alcoholic beverages,Beer,Other alcoholic beer,Food and drink,Alcohol,Stout,4 can pack,5.121
310220,201502,Alcoholic beverages and tobacco,Alcoholic beverages,Beer,Other alcoholic beer,Food and drink,Alcohol,Speciality bottled beer (4.5-5%),500ml,1.891
310222,201702,Alcoholic beverages and tobacco,Alcoholic beverages,Wine,Wine from other fruits,Food and drink,Alcohol,Flavoured cider bottled ,500-568ml,2.259
310401,198702,Alcoholic beverages and tobacco,Alcoholic beverages,Spirits,Spirits,Food and drink,Alcohol,Bottle of whiskey,70cl,15.686
310403,198702,Alcoholic beverages and tobacco,Alcoholic beverages,Spirits,Spirits,Food and drink,Alcohol,Bottle of vodka,70cl,15.691
310406,198702,Alcoholic beverages and tobacco,Alcoholic beverages,Wine,Fortified wines,Food and drink,Alcohol,Fortified wine,70-75cl,10
310423,200602,Alcoholic beverages and tobacco,Alcoholic beverages,Wine,Wine from grapes,Food and drink,Alcohol,Champagne bottle,75cl,31.508
310428,201602,Alcoholic beverages and tobacco,Alcoholic beverages,Spirits,Spirits,Food and drink,Alcohol,Cream liqueur (14-20%),70cl-1litre,17.957
310429,201702,Alcoholic beverages and tobacco,Alcoholic beverages,Spirits,Spirits,Food and drink,Alcohol,Bottle of gin,70cl,16.119
310430,202002,Alcoholic beverages and tobacco,Alcoholic beverages,Spirits,Spirits,Food and drink,Alcohol,Pre-mixed spirit drink,250-330ml,2.073
310431,202302,Alcoholic beverages and tobacco,Alcoholic beverages,Wine,Wine from grapes,Food and drink,Alcohol,Red wine,75cl bottle,7.258
212006,199102,Food and non-alcoholic beverages,Non-alcoholic beverages,"Mineral waters, soft drinks and juices",Fruit and vegetable juices,Food and drink,Soft drinks                                                                                ,Fruit juice (excluding orange juice),1litre,1.178
212008,199302,Food and non-alcoholic beverages,Non-alcoholic beverages,"Mineral waters, soft drinks and juices",Soft drinks,Food and drink,Soft drinks                                                                                ,Lemonade,2litre,0.922
212010,199402,Food and non-alcoholic beverages,Non-alcoholic beverages,"Mineral waters, soft drinks and juices",Mineral or spring waters,Food and drink,Soft drinks                                                                                ,Still mineral water,1.5-2litre,0.94
212015,200102,Food and non-alcoholic beverages,Non-alcoholic beverages,"Mineral waters, soft drinks and juices",Soft drinks,Food and drink,Soft drinks                                                                                ,Fizzy energy drink,250-500ml,1.592
212017,200501,Food and non-alcoholic beverages,Non-alcoholic beverages,"Mineral waters, soft drinks and juices",Soft drinks,Food and drink,Soft drinks                                                                                ,Fizzy drink,500ml ,1.654
212021,201002,Food and non-alcoholic beverages,Non-alcoholic beverages,"Mineral waters, soft drinks and juices",Mineral or spring waters,Food and drink,Soft drinks                                                                                ,Still water,500ml,0.52
212022,201402,Food and non-alcoholic beverages,Non-alcoholic beverages,"Mineral waters, soft drinks and juices",Soft drinks,Food and drink,Soft drinks                                                                                ,Mixer drink,1litre,1.289
212023,201602,Food and non-alcoholic beverages,Non-alcoholic beverages,"Mineral waters, soft drinks and juices",Soft drinks,Food and drink,Soft drinks                                                                                ,Multipack of cola/fizzy drink,pack of 4-8 (330ml),3.918
212024,201702,Food and non-alcoholic beverages,Non-alcoholic beverages,"Mineral waters, soft drinks and juices",Mineral or spring waters,Food and drink,Soft drinks                                                                                ,Flavoured water,900ml-1.5litre,0.804
212025,201902,Food and non-alcoholic beverages,Non-alcoholic beverages,"Mineral waters, soft drinks and juices",Soft drinks,Food and drink,Soft drinks                                                                                ,Regular cola drink,1.25-2litre,2.314
210324,202002,Food and non-alcoholic beverages,Food,Bread and cereals,Other bakery products,Food and drink,Bakery,Crumpets,pack of 6-9,0.903
210102,198702,Food and non-alcoholic beverages,Food,Bread and cereals,Bread,Food and drink,Bakery,Large white unsliced bread,750-800g,1.542
210106,198702,Food and non-alcoholic beverages,Food,Bread and cereals,Bread,Food and drink,Bakery,Bread rolls (white or brown),pack of 6,1.046
210111,200402,Food and non-alcoholic beverages,Food,Bread and cereals,Bread,Food and drink,Bakery,White sliced bread,750-800g,1.319
210113,200402,Food and non-alcoholic beverages,Food,Bread and cereals,Bread,Food and drink,Bakery,Wholemeal sliced bread,750-800g,1.378
210320,200002,Food and non-alcoholic beverages,Food,Bread and cereals,Other bakery products,Food and drink,Bakery,Sponge cake,,2.438
210321,200302,Food and non-alcoholic beverages,Food,Bread and cereals,Other bakery products,Food and drink,Bakery,Individual cakes,pack of 5-6,1.836
210115,202302,Food and non-alcoholic beverages,Food,Bread and cereals,Bread,Food and drink,Bakery,Pack of wraps/tortillas,pack of 6-8,1.216
210302,198702,Food and non-alcoholic beverages,Food,Bread and cereals,Other bakery products,Food and drink,Biscuits,Plain biscuits,200-300g,1.132
210211,200102,Food and non-alcoholic beverages,Food,Vegetables including potatoes and tubers,Crisps,Food and drink,Crisps,Corn snack,50g,0.822
210213,200602,Food and non-alcoholic beverages,Food,Bread and cereals,Breakfast cereals and other cereal products,Food and drink,Breakfast,Breakfast cereal (sugar/chocolate coated),,2.595
210214,200602,Food and non-alcoholic beverages,Food,Bread and cereals,Breakfast cereals and other cereal products,Food and drink,Breakfast,Breakfast cereal (low-sugar/non-chocolate coated),,2.103
210215,201002,Food and non-alcoholic beverages,Food,Bread and cereals,Other bakery products,Food and drink,Breakfast,Cereal bar,one bar,0.285
210216,201202,Food and non-alcoholic beverages,Food,Bread and cereals,Breakfast cereals and other cereal products,Food and drink,Breakfast,Hot oat cereal,,2.144
210219,202002,Food and non-alcoholic beverages,Food,Bread and cereals,Breakfast cereals and other cereal products,Food and drink,Breakfast,Breakfast cereal (gluten free),,2.365
211305,201302,Food and non-alcoholic beverages,Food,Oils and fats,Butter,Food and drink,"Butter, spreads and oils",Spreadable butter,500g,4.243
211306,201302,Food and non-alcoholic beverages,Food,Oils and fats,Butter,Food and drink,"Butter, spreads and oils",Butter,250g,2.301
211408,200702,Food and non-alcoholic beverages,Food,Oils and fats,Olive oil,Food and drink,"Butter, spreads and oils",Olive oil,500ml-1litre,5.389
211501,198702,Food and non-alcoholic beverages,Food,"Milk, cheese and eggs",Cheese and curd,Food and drink,Dairy,Cheddar cheese,per kg,8.903
211509,200402,Food and non-alcoholic beverages,Food,"Milk, cheese and eggs",Cheese and curd,Food and drink,Dairy,Hard cheese,per kg,9.472
211510,200902,Food and non-alcoholic beverages,Food,"Milk, cheese and eggs",Cheese and curd,Food and drink,Dairy,Parmesan cheese,per kg,20.651
211511,201202,Food and non-alcoholic beverages,Food,"Milk, cheese and eggs",Cheese and curd,Food and drink,Dairy,Soft cheese,per kg,11.29
210114,201002,Food and non-alcoholic beverages,Food,Bread and cereals,Bread,Food and drink,Chilled food,Chilled garlic bread,,1.031
211714,201702,Food and non-alcoholic beverages,Food,"Milk, cheese and eggs",Other milk products,Food and drink,Chilled food,Non-dairy milk drink,900ml-1litre,1.61
212936,200902,Food and non-alcoholic beverages,Food,Food products (nec),Ready-made meals,Food and drink,Chilled food,Chilled ready meal (meat),serves 1,3.177
212937,200902,Food and non-alcoholic beverages,Food,Food products (nec),Ready-made meals,Food and drink,Chilled food,Chilled ready meal (fish/veg),serves 1,3.268
212941,201802,Food and non-alcoholic beverages,Food,Bread and cereals,Pizza and quiche,Food and drink,Chilled food,Quiche,340-450g,2.704
212944,202202,Food and non-alcoholic beverages,Food,Vegetables including potatoes and tubers,Dried vegetables; other preserved or processed vegetables,Food and drink,Chilled food,Meat free sausages,per pack,2.12
211410,202302,Food and non-alcoholic beverages,Food,Oils and fats,Margarine and other vegetable fats,Food and drink,"Butter, spreads and oils",Dairy spread/margarine,450-500g,2.146
211411,202302,Food and non-alcoholic beverages,Food,Oils and fats,Margarine and other vegetable fats,Food and drink,"Butter, spreads and oils",Dairy free spread/margarine,450-500g,2.082
211026,201502,Food and non-alcoholic beverages,Food,Meat,Other meat preparations,Food and drink,Chilled food,Chicken kiev,pack of 2,2.475
212222,200302,Food and non-alcoholic beverages,Food,"Sugar, jam, syrups, chocolate and confectionery",Chocolate,Food and drink,Chocolate and sweets,Milk chocolate bar,,0.772
212223,201202,Food and non-alcoholic beverages,Food,"Sugar, jam, syrups, chocolate and confectionery",Chocolate,Food and drink,Chocolate and sweets,Bag of sweets (chocolate),,1.356
212225,201602,Food and non-alcoholic beverages,Food,"Sugar, jam, syrups, chocolate and confectionery",Chocolate,Food and drink,Chocolate and sweets,Large chocolate bar,,1.62
212226,201702,Food and non-alcoholic beverages,Food,"Sugar, jam, syrups, chocolate and confectionery",Confectionery products,Food and drink,Chocolate and sweets,Chocolate wafer bar,,0.619
212228,202102,Food and non-alcoholic beverages,Food,"Sugar, jam, syrups, chocolate and confectionery",Confectionery products,Food and drink,Chocolate and sweets,Malted chocolate sweets,,0.708
211901,198702,Food and non-alcoholic beverages,Non-alcoholic beverages,"Coffee, tea and cocoa",Tea,Food and drink,"Coffee, tea and cocoa",Small box of tea bags,pack of 80 (230-250g),2.363
213003,198702,Food and non-alcoholic beverages,Non-alcoholic beverages,"Coffee, tea and cocoa",Coffee,Food and drink,"Coffee, tea and cocoa",Instant coffee,90-100g,3.321
213005,201302,Food and non-alcoholic beverages,Non-alcoholic beverages,"Coffee, tea and cocoa",Cocoa and powdered chocolate,Food and drink,"Coffee, tea and cocoa",Hot chocolate drink,250-400g,2.594
213006,201602,Food and non-alcoholic beverages,Non-alcoholic beverages,"Coffee, tea and cocoa",Coffee,Food and drink,"Coffee, tea and cocoa",Coffee pods,pack of 8-16,4.135
213007,202102,Food and non-alcoholic beverages,Non-alcoholic beverages,"Coffee, tea and cocoa",Coffee,Food and drink,"Coffee, tea and cocoa",Coffee sachets pack,70-200g,1.991
210913,200902,Food and non-alcoholic beverages,Food,Meat,Other meat preparations,Food and drink,Cooked meats,Whole rotisserie chicken,,6.401
211011,198702,Food and non-alcoholic beverages,Food,Meat,Other meat preparations,Food and drink,Cooked meats,Individual meat pie,,1.667
211023,201302,Food and non-alcoholic beverages,Food,Meat,Dried; salted or smoked meat,Food and drink,Cooked meats,Cooked ham (sliced),100-200g,2.536
211024,201302,Food and non-alcoholic beverages,Food,Meat,Dried; salted or smoked meat,Food and drink,Cooked meats,Continental sliced deli type meat,40-100g,2.332
211029,201602,Food and non-alcoholic beverages,Food,Meat,Poultry,Food and drink,Cooked meats,Cooked turkey/chicken (sliced),100-180g,2.239
211030,201702,Food and non-alcoholic beverages,Food,Meat,Other meat preparations,Food and drink,Cooked meats,Multipack meat based snack,400g,2.106
212402,198702,Food and non-alcoholic beverages,Food,Vegetables including potatoes and tubers,Crisps,Food and drink,Crisps,Crisps,25-50g,0.951
212404,198902,Food and non-alcoholic beverages,Food,Vegetables including potatoes and tubers,Crisps,Food and drink,Crisps,Multipack crisps,,1.576
211709,199002,Food and non-alcoholic beverages,Food,"Milk, cheese and eggs",Whole milk,Food and drink,Dairy,Whole milk,4 pints,1.681
211710,199002,Food and non-alcoholic beverages,Food,"Milk, cheese and eggs",Low fat milk,Food and drink,Dairy,Semi skimmed milk,2 pints,1.329
211808,200102,Food and non-alcoholic beverages,Food,"Milk, cheese and eggs",Other milk products,Food and drink,Dairy,Chilled pot dessert,125-200g,0.745
211814,200902,Food and non-alcoholic beverages,Food,"Milk, cheese and eggs",Yoghurt,Food and drink,Dairy,Small yoghurt,one,0.804
211815,200902,Food and non-alcoholic beverages,Food,"Milk, cheese and eggs",Other milk products,Food and drink,Dairy,Fresh double cream,250-300ml,1.327
211604,202202,Food and non-alcoholic beverages,Food,"Milk, cheese and eggs",Eggs,Food and drink,Dairy,Eggs,per dozen,3.091
211101,200402,Food and non-alcoholic beverages,Food,Fish,Fresh or chilled fish,Food and drink,Fish,Fresh white fish fillets,per kg,19.164
211105,200402,Food and non-alcoholic beverages,Food,Fish,Fresh or chilled fish,Food and drink,Fish,Fresh salmon fillets,per kg,17.984
211106,200402,Food and non-alcoholic beverages,Food,Fish,Frozen seafood,Food and drink,Fish,Frozen prawns,per kg,17.756
211207,198902,Food and non-alcoholic beverages,Food,Fish,Other pres or processed fish & seafood-based preps,Food and drink,Fish,Canned tuna,130-200g,1.022
211210,200402,Food and non-alcoholic beverages,Food,Fish,Other pres or processed fish & seafood-based preps,Food and drink,Fish,Frozen fish fingers,pack of 8-12,2.967
211211,201002,Food and non-alcoholic beverages,Food,Fish,Other pres or processed fish & seafood-based preps,Food and drink,Fish,Frozen breaded/battered white fish,400-550g,4.86
212709,198802,Food and non-alcoholic beverages,Food,Fruit,Fresh or chilled fruit,Food and drink,Fresh fruit,Orange,each,0.423
212710,198902,Food and non-alcoholic beverages,Food,Fruit,Fresh or chilled fruit,Food and drink,Fresh fruit,Avocados,each,0.915
212712,198902,Food and non-alcoholic beverages,Food,Fruit,Fresh or chilled fruit,Food and drink,Fresh fruit,Kiwi fruit,each,0.346
212715,199502,Food and non-alcoholic beverages,Food,Fruit,Fresh or chilled fruit,Food and drink,Fresh fruit,Grapefruit,each,0.556
212719,199902,Food and non-alcoholic beverages,Food,Fruit,Fresh or chilled fruit,Food and drink,Fresh fruit,Bananas,per kg,0.947
212722,199902,Food and non-alcoholic beverages,Food,Fruit,Fresh or chilled fruit,Food and drink,Fresh fruit,Grapes,per kg ,4.332
212725,200802,Food and non-alcoholic beverages,Food,Fruit,Fresh or chilled fruit,Food and drink,Fresh fruit,Small oranges,per kg ,2.608
212726,200902,Food and non-alcoholic beverages,Food,Fruit,Fresh or chilled fruit,Food and drink,Fresh fruit,Plums,per kg ,2.769
212732,201602,Food and non-alcoholic beverages,Food,Fruit,Fresh or chilled fruit,Food and drink,Fresh fruit,Lemon,each,0.316
212733,201802,Food and non-alcoholic beverages,Food,Fruit,Fresh or chilled fruit,Food and drink,Fresh fruit,Blueberries,per kg ,11.354
212734,201802,Food and non-alcoholic beverages,Food,Fruit,Fresh or chilled fruit,Food and drink,Fresh fruit,Raspberries,per kg ,13.611
212735,202302,Food and non-alcoholic beverages,Food,Fruit,Fresh or chilled fruit,Food and drink,Fresh fruit,Dessert apple,each,0.339
212736,202302,Food and non-alcoholic beverages,Food,Fruit,Fresh or chilled fruit,Food and drink,Fresh fruit,Melon,each,1.879
212737,202302,Food and non-alcoholic beverages,Food,Fruit,Fresh or chilled fruit,Food and drink,Fresh fruit,Pineapple,each,1.175
212504,198702,Food and non-alcoholic beverages,Food,Vegetables including potatoes and tubers,Fresh/chill veg other than potatoes & other tubers,Food and drink,Fresh vegetables,Cauliflower,each,1.061
212510,198702,Food and non-alcoholic beverages,Food,Vegetables including potatoes and tubers,Fresh/chill veg other than potatoes & other tubers,Food and drink,Fresh vegetables,Cucumber,each,0.733
212511,198802,Food and non-alcoholic beverages,Food,Vegetables including potatoes and tubers,Fresh/chill veg other than potatoes & other tubers,Food and drink,Fresh vegetables,Iceberg lettuce,each,0.699
212515,199902,Food and non-alcoholic beverages,Food,Vegetables including potatoes and tubers,Fresh/chill veg other than potatoes & other tubers,Food and drink,Fresh vegetables,Tomatoes,per kg,3.092
212518,199902,Food and non-alcoholic beverages,Food,Vegetables including potatoes and tubers,Fresh/chill veg other than potatoes & other tubers,Food and drink,Fresh vegetables,Carrots,per kg,0.615
212519,199902,Food and non-alcoholic beverages,Food,Vegetables including potatoes and tubers,Fresh/chill veg other than potatoes & other tubers,Food and drink,Fresh vegetables,Onions,per kg,0.917
212520,199902,Food and non-alcoholic beverages,Food,Vegetables including potatoes and tubers,Fresh/chill veg other than potatoes & other tubers,Food and drink,Fresh vegetables,Mushrooms,per kg,3.477
212527,200202,Food and non-alcoholic beverages,Food,Vegetables including potatoes and tubers,Fresh/chill veg other than potatoes & other tubers,Food and drink,Fresh vegetables,Pre-packed salad,100-250g,1.383
212530,200702,Food and non-alcoholic beverages,Food,Vegetables including potatoes and tubers,Fresh/chill veg other than potatoes & other tubers,Food and drink,Fresh vegetables,Broccoli,per kg,2.184
212531,200702,Food and non-alcoholic beverages,Food,Vegetables including potatoes and tubers,Fresh/chill veg other than potatoes & other tubers,Food and drink,Fresh vegetables,Courgettes,per kg,2.632
212532,200802,Food and non-alcoholic beverages,Food,Vegetables including potatoes and tubers,Fresh/chill veg other than potatoes & other tubers,Food and drink,Fresh vegetables,Peppers,per kg,0.863
212533,201302,Food and non-alcoholic beverages,Food,Vegetables including potatoes and tubers,Fresh/chill veg other than potatoes & other tubers,Food and drink,Fresh vegetables,Vegetable stir fry pack,one,1.414
212918,198902,Food and non-alcoholic beverages,Food,Food products (nec),Ready-made meals,Food and drink,Frozen food,Frozen ready cooked meal,serves 1,1.904
212928,199802,Food and non-alcoholic beverages,Food,Vegetables including potatoes and tubers,Dried vegetables; other preserved or processed vegetables,Food and drink,Frozen food,Frozen vegetable burger,180-454g,2.042
212933,200202,Food and non-alcoholic beverages,Food,"Sugar, jam, syrups, chocolate and confectionery",Edible ices and ice cream,Food and drink,Frozen food,Ice cream,450ml-1litre,3.15
212809,202302,Food and non-alcoholic beverages,Food,Fruit,Preserved fruit and fruit-based products,Food and drink,Frozen food,Frozen berries,per pack,2.477
211019,200501,Food and non-alcoholic beverages,Food,Meat,Other meat preparations,Food and drink,Frozen food,Frozen chicken nuggets,220-600g,2.455
210414,199202,Food and non-alcoholic beverages,Food,Meat,Beef and veal,Food and drink,Frozen food,Frozen beef burgers,pack of 4,3.191
212106,199602,Food and non-alcoholic beverages,Food,"Sugar, jam, syrups, chocolate and confectionery",Jams; marmalades and honey,Food and drink,"Jams, marmalades and honey                                                                 ",Jam,340-454g,1.349
212107,201402,Food and non-alcoholic beverages,Food,"Sugar, jam, syrups, chocolate and confectionery",Jams; marmalades and honey,Food and drink,"Jams, marmalades and honey                                                                 ",Honey,340-454g,2.302
210403,198702,Food and non-alcoholic beverages,Food,Meat,Beef and veal,Food and drink,Meat,Beef mince,per kg,7.672
210406,198702,Food and non-alcoholic beverages,Food,Meat,Beef and veal,Food and drink,Meat,Beef steak,per kg,17.603
210416,202002,Food and non-alcoholic beverages,Food,Meat,Beef and veal,Food and drink,Meat,Beef roasting joint,per kg,12.085
210506,201502,Food and non-alcoholic beverages,Food,Meat,Lamb and goat,Food and drink,Meat,Lamb loin chop/steak,per kg,16.165
210703,198702,Food and non-alcoholic beverages,Food,Meat,Pork,Food and drink,Meat,Pork loin chops with bone,per kg,7.515
210802,198702,Food and non-alcoholic beverages,Food,Meat,Dried; salted or smoked meat,Food and drink,Meat,Gammon,per kg,8.227
210808,199602,Food and non-alcoholic beverages,Food,Meat,Dried; salted or smoked meat,Food and drink,Meat,Bacon,per kg,8.54
210905,198902,Food and non-alcoholic beverages,Food,Meat,Poultry,Food and drink,Meat,Fresh/chilled whole chicken,per kg,3.691
210910,200302,Food and non-alcoholic beverages,Food,Meat,Poultry,Food and drink,Meat,Fresh boneless chicken breast,per kg,7.914
210914,202002,Food and non-alcoholic beverages,Food,Meat,Poultry,Food and drink,Meat,Fresh turkey diced/minced,per kg,8.159
211014,199902,Food and non-alcoholic beverages,Food,Meat,Dried; salted or smoked meat,Food and drink,Meat,Pork sausages,per kg,6.15
211025,201502,Food and non-alcoholic beverages,Food,Meat,Pork,Food and drink,Meat,Oven ready gammon/pork joint,450-900g,5.357
211816,201002,Food and non-alcoholic beverages,Food,"Milk, cheese and eggs",Other milk products,Food and drink,Other food,Powdered baby formula,400-900g,11.666
212940,201502,Food and non-alcoholic beverages,Food,Food products (nec),Other food products nec,Food and drink,Other food,Protein powder,900g-2kg,27.657
212309,199902,Food and non-alcoholic beverages,Food,Vegetables including potatoes and tubers,Potatoes,Food and drink,Potatoes,New potatoes,per kg,1.337
212310,200402,Food and non-alcoholic beverages,Food,Vegetables including potatoes and tubers,Potatoes,Food and drink,Potatoes,White potatoes,per kg,0.688
212311,200402,Food and non-alcoholic beverages,Food,Vegetables including potatoes and tubers,Potatoes,Food and drink,Potatoes,Baking potatoes,per kg,0.839
212409,201802,Food and non-alcoholic beverages,Food,Vegetables including potatoes and tubers,Potatoes,Food and drink,Potatoes,Pre-prepared mashed potatoes,400-650g,1.111
212535,201802,Food and non-alcoholic beverages,Food,Vegetables including potatoes and tubers,Other tubers and products of tuber vegetables,Food and drink,Potatoes,Sweet potato,per kg,1.208
212923,199302,Food and non-alcoholic beverages,Food,Food products (nec),Sauces; condiments,Food and drink,"Sauces, pickles, chutney",Cook-in sauce,350-520g,1.682
212930,200102,Food and non-alcoholic beverages,Food,Food products (nec),Sauces; condiments,Food and drink,"Sauces, pickles, chutney",Mayonnaise,390-500g / 420-540ml,1.999
212601,198702,Food and non-alcoholic beverages,Food,Vegetables including potatoes and tubers,Dried vegetables; other preserved or processed vegetables,Food and drink,Store cupboard,Canned tomatoes,390-400g,0.624
212603,198702,Food and non-alcoholic beverages,Food,Vegetables including potatoes and tubers,Dried vegetables; other preserved or processed vegetables,Food and drink,Store cupboard,Baked beans,400-425g,0.974
212608,198702,Food and non-alcoholic beverages,Food,Vegetables including potatoes and tubers,Dried vegetables; other preserved or processed vegetables,Food and drink,Store cupboard,Canned sweetcorn,198-340g,0.914
212613,202202,Food and non-alcoholic beverages,Food,Vegetables including potatoes and tubers,Dried vegetables; other preserved or processed vegetables,Food and drink,Store cupboard,Pulses,390-420g,0.77
212806,198702,Food and non-alcoholic beverages,Food,Fruit,Dried fruit and nuts,Food and drink,Store cupboard,Packet of peanuts,150-300g,1.242
212807,199602,Food and non-alcoholic beverages,Food,Fruit,Preserved fruit and fruit-based products,Food and drink,Store cupboard,Canned fruit,400-450g,1.073
212808,201102,Food and non-alcoholic beverages,Food,Fruit,Dried fruit and nuts,Food and drink,Store cupboard,Dried fruit pack,100-250g,2.187
212905,198702,Food and non-alcoholic beverages,Food,Vegetables including potatoes and tubers,Dried vegetables; other preserved or processed vegetables,Food and drink,Store cupboard,Vegetable pickle,280-520g,1.591
211409,201902,Food and non-alcoholic beverages,Food,Oils and fats,Margarine and other vegetable fats,Food and drink,Store cupboard,Peanut butter,225-350g,2.034
210201,198702,Food and non-alcoholic beverages,Food,Bread and cereals,Flours and other cereals,Food and drink,Store cupboard,Self-raising flour,1.5kg,0.762
210204,198702,Food and non-alcoholic beverages,Food,Bread and cereals,Pasta products and couscous,Food and drink,Store cupboard,Dry spaghetti or pasta,500g,1.066
210212,200302,Food and non-alcoholic beverages,Food,Bread and cereals,Rice,Food and drink,Store cupboard,Basmati rice,500g-1kg,2.057
210217,201602,Food and non-alcoholic beverages,Food,Bread and cereals,Rice,Food and drink,Store cupboard,Microwavable rice,220-280g,0.942
210218,201902,Food and non-alcoholic beverages,Food,Bread and cereals,Breakfast cereals and other cereal products,Food and drink,Store cupboard,Popcorn,10-30g,0.359
210221,202102,Food and non-alcoholic beverages,Food,Bread and cereals,Pasta products and couscous,Food and drink,Store cupboard,Couscous,100-500g,0.845
212101,198702,Food and non-alcoholic beverages,Food,"Sugar, jam, syrups, chocolate and confectionery",Sugar,Food and drink,Store cupboard,Granulated white sugar,per kg,1.005
212202,198702,Food and non-alcoholic beverages,Food,"Sugar, jam, syrups, chocolate and confectionery",Confectionery products,Food and drink,Chocolate and sweets,Mints,,0.736
212211,198702,Food and non-alcoholic beverages,Food,"Sugar, jam, syrups, chocolate and confectionery",Confectionery products,Food and drink,Chocolate and sweets,Chocolate caramel bar,,0.738
212214,198802,Food and non-alcoholic beverages,Food,"Sugar, jam, syrups, chocolate and confectionery",Confectionery products,Food and drink,Chocolate and sweets,Fruit pastilles,,0.738
212217,199502,Food and non-alcoholic beverages,Food,"Sugar, jam, syrups, chocolate and confectionery",Confectionery products,Food and drink,Chocolate and sweets,Chewing/bubble gum,single pack,0.736
310102,198702,Restaurants and hotels,Catering services,"Restaurants, cafes",Restaurants; cafes and dancing establishments,Food and drink establishments,Alcohol,Draught bitter,per pint,3.598
310104,198702,Restaurants and hotels,Catering services,"Restaurants, cafes",Restaurants; cafes and dancing establishments,Food and drink establishments,Alcohol,Draught stout,per pint,4.357
310109,200302,Restaurants and hotels,Catering services,"Restaurants, cafes",Restaurants; cafes and dancing establishments,Food and drink establishments,Alcohol,Draught lager (3.4-4.2%),per pint,4.066
310110,200302,Restaurants and hotels,Catering services,"Restaurants, cafes",Restaurants; cafes and dancing establishments,Food and drink establishments,Alcohol,Draught premium lager (4.3-7.5%),per pint,4.721
310111,200402,Restaurants and hotels,Catering services,"Restaurants, cafes",Restaurants; cafes and dancing establishments,Food and drink establishments,Alcohol,Bottled premium lager (4.3-7.5%),one bottle,4.014
310114,201702,Restaurants and hotels,Catering services,"Restaurants, cafes",Restaurants; cafes and dancing establishments,Food and drink establishments,Alcohol,Cider (4.5-5.5%),per pint,4.29
310301,198702,Restaurants and hotels,Catering services,"Restaurants, cafes",Restaurants; cafes and dancing establishments,Food and drink establishments,Alcohol,Whiskey,30ml,3.545
310302,198702,Restaurants and hotels,Catering services,"Restaurants, cafes",Restaurants; cafes and dancing establishments,Food and drink establishments,Alcohol,Vodka,30ml,3.742
310306,199702,Restaurants and hotels,Catering services,"Restaurants, cafes",Restaurants; cafes and dancing establishments,Food and drink establishments,Alcohol,Bottle of mixer,125-200ml,1.677
310307,199702,Restaurants and hotels,Catering services,"Restaurants, cafes",Restaurants; cafes and dancing establishments,Food and drink establishments,Alcohol,Liqueur,30ml,3.412
310315,200602,Restaurants and hotels,Catering services,"Restaurants, cafes",Restaurants; cafes and dancing establishments,Food and drink establishments,Alcohol,Bottle of wine,75cl,20.94
310316,202002,Restaurants and hotels,Catering services,"Restaurants, cafes",Restaurants; cafes and dancing establishments,Food and drink establishments,Alcohol,Gin,30ml,3.51
220301,198702,Restaurants and hotels,Catering services,"Restaurants, cafes",Fast food and take away food services,Food and drink establishments,Fast food and take aways,Takeaway fish and chips,,8.823
220303,198702,Restaurants and hotels,Catering services,"Restaurants, cafes",Fast food and take away food services,Food and drink establishments,Fast food and take aways,Takeaway cold sandwich,,2.622
220305,198702,Restaurants and hotels,Catering services,"Restaurants, cafes",Fast food and take away food services,Food and drink establishments,Fast food and take aways,Takeaway tea,,1.842
220316,200002,Restaurants and hotels,Catering services,"Restaurants, cafes",Fast food and take away food services,Food and drink establishments,Fast food and take aways,Takeaway or delivery pizza,,9.529
220318,200202,Restaurants and hotels,Catering services,"Restaurants, cafes",Fast food and take away food services,Food and drink establishments,Fast food and take aways,"Indian takeaway, main-course",,8.987
220319,200202,Restaurants and hotels,Catering services,"Restaurants, cafes",Fast food and take away food services,Food and drink establishments,Fast food and take aways,"Chinese takeaway, main-course",,6.709
220320,200202,Restaurants and hotels,Catering services,"Restaurants, cafes",Fast food and take away food services,Food and drink establishments,Fast food and take aways,Takeaway soft drink,,1.609
220321,200302,Restaurants and hotels,Catering services,"Restaurants, cafes",Fast food and take away food services,Food and drink establishments,Fast food and take aways,Takeaway coffee,,2.964
220323,200302,Restaurants and hotels,Catering services,"Restaurants, cafes",Fast food and take away food services,Food and drink establishments,Fast food and take aways,Takeaway kebab,,6.72
220326,201202,Restaurants and hotels,Catering services,"Restaurants, cafes",Fast food and take away food services,Food and drink establishments,Fast food and take aways,Takeaway chicken & chips,,6.048
220327,201802,Restaurants and hotels,Catering services,"Restaurants, cafes",Fast food and take away food services,Food and drink establishments,Fast food and take aways,Takeaway cooked pastry,,1.468
220328,202002,Restaurants and hotels,Catering services,"Restaurants, cafes",Fast food and take away food services,Food and drink establishments,Fast food and take aways,Takeaway or eat in burger,,4.267
220107,199002,Restaurants and hotels,Catering services,"Restaurants, cafes",Restaurants; cafes and dancing establishments,Food and drink establishments,"Pubs, restaurants and cafes",Pub hot meal,,10.722
220116,200501,Restaurants and hotels,Catering services,"Restaurants, cafes",Restaurants; cafes and dancing establishments,Food and drink establishments,"Pubs, restaurants and cafes",Lemonade/Cola on tap,,2.195
220117,200501,Restaurants and hotels,Catering services,"Restaurants, cafes",Restaurants; cafes and dancing establishments,Food and drink establishments,"Pubs, restaurants and cafes",Bottled mineral water,,2.062
220120,200602,Restaurants and hotels,Catering services,"Restaurants, cafes",Restaurants; cafes and dancing establishments,Food and drink establishments,"Pubs, restaurants and cafes",In store cafeteria meal,,8.763
220121,200602,Restaurants and hotels,Catering services,"Restaurants, cafes",Restaurants; cafes and dancing establishments,Food and drink establishments,"Pubs, restaurants and cafes",Restaurant cup of coffee,,2.866
220122,200602,Restaurants and hotels,Catering services,"Restaurants, cafes",Restaurants; cafes and dancing establishments,Food and drink establishments,"Pubs, restaurants and cafes",Restaurant sweet course,,6.363
220124,200802,Restaurants and hotels,Catering services,"Restaurants, cafes",Restaurants; cafes and dancing establishments,Food and drink establishments,"Pubs, restaurants and cafes",Muffin/individual cake,,2.496
220125,200902,Restaurants and hotels,Catering services,"Restaurants, cafes",Restaurants; cafes and dancing establishments,Food and drink establishments,"Pubs, restaurants and cafes",Fruit juice,250-350ml,2.601
220128,201602,Restaurants and hotels,Catering services,"Restaurants, cafes",Restaurants; cafes and dancing establishments,Food and drink establishments,"Pubs, restaurants and cafes",Restaurant main course,,14.206
220310,198702,Restaurants and hotels,Catering services,"Restaurants, cafes",Restaurants; cafes and dancing establishments,Food and drink establishments,"Pubs, restaurants and cafes",Crisps (eating out),per pack,1.11
220209,200302,Restaurants and hotels,Catering services,Canteens,Canteens,Food and drink establishments,Schools,Primary school meal (fixed charges),,2.385
220210,200302,Restaurants and hotels,Catering services,Canteens,Canteens,Food and drink establishments,Schools,Secondary school (cafeteria),,2.515
520138,201102,Health,"Medical products, appliances and equipment",Other medical and therapeutic equipment,Corrective eye-glasses and contact lenses,Health,Glasses and contact lenses,Spectacle frames with lens,,81.733
520139,201302,Health,"Medical products, appliances and equipment",Other medical and therapeutic equipment,Corrective eye-glasses and contact lenses,Health,Glasses and contact lenses,Daily disposable soft lenses,pack of 30 pairs,30.699
520235,200102,Miscellaneous goods and services,Personal care,Appliances and products for personal care,Articles for personal hygiene and wellness,Health,Personal health,Sunscreen,15 SPF,6.73
520242,200602,Health,"Medical products, appliances and equipment",Pharmaceutical products,Pharmaceutical products,Health,Personal health,Cold/flu drink powder sachets,pack of 10,5.009
520251,201702,Health,"Medical products, appliances and equipment",Pharmaceutical products,Pharmaceutical products,Health,Personal health,Cough syrup,150-200ml,5.498
520213,198702,Miscellaneous goods and services,Personal care,Appliances and products for personal care,Articles for personal hygiene and wellness,Health,Personal hygiene and wellness,Tissues,large box,1.569
520216,198702,Miscellaneous goods and services,Personal care,Appliances and products for personal care,Articles for personal hygiene and wellness,Health,Personal hygiene and wellness,Deodorant/anti perspirant,50-250ml,2.08
520223,199302,Miscellaneous goods and services,Personal care,Appliances and products for personal care,Articles for personal hygiene and wellness,Health,Personal hygiene and wellness,Mascara,,8.909
520226,199602,Miscellaneous goods and services,Personal care,Appliances and products for personal care,Articles for personal hygiene and wellness,Health,Personal hygiene and wellness,Shampoo,250-400ml,3.677
520236,200202,Miscellaneous goods and services,Personal care,Appliances and products for personal care,Articles for personal hygiene and wellness,Health,Personal hygiene and wellness,Women's permanent hair colourant,60-140ml,6.804
520237,200302,Miscellaneous goods and services,Personal care,Appliances and products for personal care,Articles for personal hygiene and wellness,Health,Personal hygiene and wellness,Hair gel,150-200ml,3.531
520241,200501,Miscellaneous goods and services,Personal care,Appliances and products for personal care,Non-electrical appliances,Health,Personal hygiene and wellness,Razor cartridge blades,pack of 3-8,10.976
520243,200602,Miscellaneous goods and services,Personal care,Appliances and products for personal care,Articles for personal hygiene and wellness,Health,Personal hygiene and wellness,Liquid foundation,30-35ml,9.862
520247,201002,Miscellaneous goods and services,Personal care,Appliances and products for personal care,Articles for personal hygiene and wellness,Health,Personal hygiene and wellness,Liquid soap,200-300ml,1.228
520250,201602,Miscellaneous goods and services,Personal care,Appliances and products for personal care,Articles for personal hygiene and wellness,Health,Personal hygiene and wellness,Nail varnish,6-14ml,4.395
520254,202102,Miscellaneous goods and services,Personal care,Appliances and products for personal care,Articles for personal hygiene and wellness,Health,Personal hygiene and wellness,Hand hygiene gel,50-150ml,1.35
520255,202302,Miscellaneous goods and services,Personal care,Appliances and products for personal care,Articles for personal hygiene and wellness,Health,Personal hygiene and wellness,Mouthwash,300-600ml,3.625
430211,198702,"Furniture, household equipment and maintenance",Household textiles,Household Textiles,Bed linen,Household items,Bed linen,Double duvet,10-13.5 tog,30.945
430216,199102,"Furniture, household equipment and maintenance",Household textiles,Household Textiles,Bed linen,Household items,Bed linen,Duvet cover,,24.486
430224,199702,"Furniture, household equipment and maintenance",Household textiles,Household Textiles,Bed linen,Household items,Bed linen,Fitted bed sheet,,10.903
430233,201402,"Furniture, household equipment and maintenance","Furniture, furnishings and carpets",Carpets and other floor coverings,Carpets and rugs,Household items,"Carpets, rugs and flooring",Tufted carpet (synthetic),,24.324
430234,201402,"Furniture, household equipment and maintenance","Furniture, furnishings and carpets",Carpets and other floor coverings,Carpets and rugs,Household items,"Carpets, rugs and flooring",Tufted carpet (wool),,38.677
430235,201702,"Furniture, household equipment and maintenance","Furniture, furnishings and carpets",Carpets and other floor coverings,Carpets and rugs,Household items,"Carpets, rugs and flooring",Rug,,71.373
430237,202102,"Furniture, household equipment and maintenance","Furniture, furnishings and carpets",Carpets and other floor coverings,Other floor coverings,Household items,"Carpets, rugs and flooring",Luxury vinyl tile,per sq. metre,37.139
430425,201902,"Furniture, household equipment and maintenance","Glassware, tableware and household utensils","Glassware, Tableware and Household Utensils",Glassware; crystal-ware; ceramic ware and chinaware,Household items,Chinaware and glassware,Dinner plate,,4.7
430422,200402,"Furniture, household equipment and maintenance","Glassware, tableware and household utensils","Glassware, Tableware and Household Utensils",Glassware; crystal-ware; ceramic ware and chinaware,Household items,Chinaware and glassware,Plain glass tumbler,single,1.422
520118,199602,"Furniture, household equipment and maintenance","Glassware, tableware and household utensils","Glassware, Tableware and Household Utensils",Glassware; crystal-ware; ceramic ware and chinaware,Household items,Chinaware and glassware,Flower vase,,8.654
430509,198702,"Furniture, household equipment and maintenance",Goods and services for routine maintenance,Non-durable household goods,Cleaning and maintenance products,Household items,Cleaning,Household cleaner liquid,450-500ml,1.237
430529,200302,"Furniture, household equipment and maintenance",Goods and services for routine maintenance,Non-durable household goods,Cleaning and maintenance products,Household items,Cleaning,Bleach,750ml,0.979
430533,200402,"Furniture, household equipment and maintenance",Goods and services for routine maintenance,Non-durable household goods,Other non-durable small household articles,Household items,Cleaning,Kitchen roll,pack of 2-4,3.003
430540,201902,"Furniture, household equipment and maintenance",Goods and services for routine maintenance,Non-durable household goods,Cleaning and maintenance products,Household items,Cleaning,Washing detergent,800ml-1.5litre,5.678
430542,202202,"Furniture, household equipment and maintenance",Goods and services for routine maintenance,Non-durable household goods,Cleaning and maintenance products,Household items,Cleaning,Antibacterial surface wipes,per pack,2.261
430543,202202,"Furniture, household equipment and maintenance",Goods and services for routine maintenance,Non-durable household goods,Other non-durable small household articles,Household items,Cleaning,Bin liners for kitchen use,per pack,2.639
430507,198702,"Furniture, household equipment and maintenance",Goods and services for routine maintenance,Non-durable household goods,Cleaning and maintenance products,Household items,Cleaning,Washing up liquid,380-900ml,1.088
430531,200402,"Furniture, household equipment and maintenance",Goods and services for routine maintenance,Non-durable household goods,Cleaning and maintenance products,Household items,Cleaning,Fabric conditioner,500ml-1.5litre,2.098
430414,198902,"Furniture, household equipment and maintenance","Household appliances, fitting and repairs",Major appliances and small electric goods,Cookers,Household items,Cookware,Gas cooker,,396.934
430304,198702,"Furniture, household equipment and maintenance","Household appliances, fitting and repairs",Major appliances and small electric goods,Cookers,Household items,Cookware,Electric cooker,,457.3
430407,198702,"Furniture, household equipment and maintenance","Glassware, tableware and household utensils","Glassware, Tableware and Household Utensils",Non-electric kitchen utensils and articles,Household items,Cookware,Small milk pan,,7.241
430423,200501,"Furniture, household equipment and maintenance","Glassware, tableware and household utensils","Glassware, Tableware and Household Utensils",Non-electric kitchen utensils and articles,Household items,Cookware,Frying pan (non-stick),24-30cm,18.731
430424,201902,"Furniture, household equipment and maintenance","Glassware, tableware and household utensils","Glassware, Tableware and Household Utensils",Non-electric kitchen utensils and articles,Household items,Cookware,Bakeware (e.g. baking tray/roasting tin),,7.28
430419,200102,"Furniture, household equipment and maintenance","Glassware, tableware and household utensils","Glassware, Tableware and Household Utensils",Cutlery; flatware and silverware,Household items,Cookware,Stainless steel cutlery set,,23.215
430505,198702,"Furniture, household equipment and maintenance",Goods and services for routine maintenance,Non-durable household goods,Other non-durable small household articles,Household items,Cookware,Aluminium cooking foil,290-300mm,2.575
430307,198702,"Furniture, household equipment and maintenance","Household appliances, fitting and repairs",Major appliances and small electric goods,Coffee machines; tea makers and similar appliances,Household items,Electrical,Electric kettle,1.5-1.7litre,30.727
430317,199902,"Furniture, household equipment and maintenance","Household appliances, fitting and repairs",Major appliances and small electric goods,Irons,Household items,Electrical,Electric iron,,34.528
430351,201002,Miscellaneous goods and services,Personal care,Appliances and products for personal care,Electric appliances for personal care - Not being published,Household items,Electrical,Electric hair styling appliance,,45.712
430356,201102,"Furniture, household equipment and maintenance","Household appliances, fitting and repairs",Major appliances and small electric goods,Clothes washing machines; clothes drying machines and dish washing machines,Household items,Electrical,Dish washer,,388.355
430358,201302,"Furniture, household equipment and maintenance","Household appliances, fitting and repairs",Major appliances and small electric goods,Heaters; air conditioners,Household items,Electrical,Electric heater,,44.76
430362,201502,"Furniture, household equipment and maintenance","Household appliances, fitting and repairs",Major appliances and small electric goods,Refrigerators; freezers and fridge-freezers,Household items,Electrical,Fridge/freezer,,477.851
430524,199802,"Furniture, household equipment and maintenance",Tools and equipment for house and garden,Tools and equipment for House and Garden,Miscellaneous small tool accessories,Household items,Electrical,Light bulb,single,3.331
430541,202102,"Furniture, household equipment and maintenance",Tools and equipment for house and garden,Tools and equipment for House and Garden,Miscellaneous small tool accessories,Household items,Electrical,Smart Wi-Fi light bulb,each,18.076
630166,202302,Recreation and culture,Audio-visual equipment and related products,Reception and reproduction of sound and pictures,Equipment for the reception; recording and reproduction of sound,Household items,Electrical,Soundbar, ,246.037
430229,200202,"Furniture, household equipment and maintenance",Household textiles,Household Textiles,Furnishing fabrics and curtains,Household items,Furnishing fabrics and curtains                                                            ,Fabric roller blind,120-180cm,22.371
430236,201802,"Furniture, household equipment and maintenance",Household textiles,Household Textiles,Furnishing fabrics and curtains,Household items,Furnishing fabrics and curtains                                                            ,Curtains (ready made),,44.944
520136,200802,Miscellaneous goods and services,Personal effects (nec),Other personal effects,Other personal effects nec,Household items,Furniture,Photo frame,,10.947
430101,198702,"Furniture, household equipment and maintenance","Furniture, furnishings and carpets",Furniture and furnishings,Household furniture,Household items,Furniture,Double wardrobe,,621.635
430104,198702,"Furniture, household equipment and maintenance","Furniture, furnishings and carpets",Furniture and furnishings,Household furniture,Household items,Furniture,Armchair,,630.817
430119,198902,"Furniture, household equipment and maintenance","Furniture, furnishings and carpets",Furniture and furnishings,Household furniture,Household items,Furniture,Kitchen base unit,width 800-1000mm,213.798
430120,198902,"Furniture, household equipment and maintenance","Furniture, furnishings and carpets",Furniture and furnishings,Household furniture,Household items,Furniture,Coffee table,,284.466
430127,199802,"Furniture, household equipment and maintenance","Furniture, furnishings and carpets",Furniture and furnishings,Household furniture,Household items,Furniture,Chest of drawers,,365.405
430133,200302,"Furniture, household equipment and maintenance","Furniture, furnishings and carpets",Furniture and furnishings,Household furniture,Household items,Furniture,Bookcase/freestanding shelve unit,,369.5
430134,200302,"Furniture, household equipment and maintenance","Furniture, furnishings and carpets",Furniture and furnishings,Lighting equipment,Household items,Furniture,Table lamp,,53.468
430137,200501,"Furniture, household equipment and maintenance","Furniture, furnishings and carpets",Furniture and furnishings,Household furniture,Household items,Furniture,Leather settee,,1771.828
430138,200602,"Furniture, household equipment and maintenance","Furniture, furnishings and carpets",Furniture and furnishings,Household furniture,Household items,Furniture,Home office desk,,319.135
430139,201302,"Furniture, household equipment and maintenance","Furniture, furnishings and carpets",Furniture and furnishings,Household furniture,Household items,Furniture,Kitchen wall unit,width 800-1000mm,179.194
430140,201402,"Furniture, household equipment and maintenance","Furniture, furnishings and carpets",Furniture and furnishings,Household furniture,Household items,Furniture,Sofa bed,,907.888
430141,201702,"Furniture, household equipment and maintenance","Furniture, furnishings and carpets",Furniture and furnishings,Household furniture,Household items,Furniture,Dinning table with 2-6 chairs,,925.044
430142,201802,"Furniture, household equipment and maintenance","Furniture, furnishings and carpets",Furniture and furnishings,Other furniture and furnishings,Household items,Furniture,High chair,,88.806
430143,201902,"Furniture, household equipment and maintenance","Furniture, furnishings and carpets",Furniture and furnishings,Household furniture,Household items,Furniture,Non leather settee,,1004.914
430144,202202,"Furniture, household equipment and maintenance","Furniture, furnishings and carpets",Furniture and furnishings,Household furniture,Household items,Furniture,Adult bed,,613.518
520132,200402,"Furniture, household equipment and maintenance","Furniture, furnishings and carpets",Furniture and furnishings,Other furniture and furnishings,Household items,Furniture,Wall hanging mirror,,59.693
410602,198702,"Housing, water, electricity, gas and other fuels",Regular maintenance and repair of the dwelling,Materials for maintenance and repair,Materials for maintenance and repair,Household items,Maintenance and repair,Ready mixed filler,,6.866
410607,198702,"Housing, water, electricity, gas and other fuels",Regular maintenance and repair of the dwelling,Materials for maintenance and repair,Materials for maintenance and repair,Household items,Maintenance and repair,Paint brush,2inch/5cm width,4.384
410611,198702,"Furniture, household equipment and maintenance",Tools and equipment for house and garden,Tools and equipment for House and Garden,Miscellaneous small tool accessories,Household items,Maintenance and repair,Door handle,pack of 1,15.42
410614,198702,"Furniture, household equipment and maintenance",Tools and equipment for house and garden,Tools and equipment for House and Garden,Motorized major tools and equipment,Household items,Maintenance and repair,Power drill,,54.639
410621,199302,"Housing, water, electricity, gas and other fuels",Regular maintenance and repair of the dwelling,Materials for maintenance and repair,Materials for maintenance and repair,Household items,Maintenance and repair,Varnish clear gloss,750ml-1litre,17.657
410625,199702,"Furniture, household equipment and maintenance",Tools and equipment for house and garden,Tools and equipment for House and Garden,Non-motorized small tools,Household items,Maintenance and repair,Screwdriver,,4.697
410629,200501,"Housing, water, electricity, gas and other fuels",Regular maintenance and repair of the dwelling,Materials for maintenance and repair,Materials for maintenance and repair,Household items,Maintenance and repair,Wallpaper,per roll,12.523
410631,200702,"Housing, water, electricity, gas and other fuels",Regular maintenance and repair of the dwelling,Materials for maintenance and repair,Materials for maintenance and repair,Household items,Maintenance and repair,Shower head,,13.351
410632,200902,"Furniture, household equipment and maintenance",Tools and equipment for house and garden,Tools and equipment for House and Garden,Repair; leasing and rental of major tools and equipment,Household items,Maintenance and repair,Carpet cleaner hire,,25.278
410633,201102,"Housing, water, electricity, gas and other fuels",Regular maintenance and repair of the dwelling,Materials for maintenance and repair,Materials for maintenance and repair,Household items,Maintenance and repair,Medium density fireboard (MDF),,32.481
410637,201502,"Housing, water, electricity, gas and other fuels",Regular maintenance and repair of the dwelling,Materials for maintenance and repair,Materials for maintenance and repair,Household items,Maintenance and repair,Ceramic tiles,15x15-25x50cm,18.09
420103,198702,"Housing, water, electricity, gas and other fuels","Electricity , gas and other fuels",Solid fuels,Solid fuels,Household items,Solid and liquid fuels,Coal,50kg,35.207
420405,199902,"Housing, water, electricity, gas and other fuels","Electricity , gas and other fuels",Liquid fuels,Liquid fuels,Household items,Solid and liquid fuels,Kerosene,1000litre,853.904
430228,200102,"Furniture, household equipment and maintenance",Household textiles,Household Textiles,Table linen and bathroom linen,Household items,Bed linen,Bath towel,,14.828
430413,198902,"Furniture, household equipment and maintenance","Household appliances, fitting and repairs",Major appliances and small electric goods,Heaters; air conditioners,Household items,Solid and liquid fuels,Gas fire,,598.003
430539,201802,"Furniture, household equipment and maintenance",Tools and equipment for house and garden,Tools and equipment for House and Garden,Miscellaneous small tool accessories,Household items,Electrical,AA battery,pack of 4,4.826
430525,199902,"Furniture, household equipment and maintenance",Goods and services for routine maintenance,Non-durable household goods,Other non-durable small household articles,Household items,Stationary,Clear sticky tape,per roll,1.911
430526,200102,Recreation and culture,"Books, newspapers and stationery","Misc. printed matter, stationery, drawing materials",Miscellaneous printed matter,Household items,Stationary,Greetings card,,2.079
430527,200102,Recreation and culture,"Books, newspapers and stationery","Misc. printed matter, stationery, drawing materials",Paper products,Household items,Stationary,A4 printer paper,500 sheets,7.166
430530,200302,Recreation and culture,"Books, newspapers and stationery","Misc. printed matter, stationery, drawing materials",Other stationery and drawing materials,Household items,Stationary,Black inkjet cartridge,single pack,22.45
430535,200501,Recreation and culture,"Books, newspapers and stationery","Misc. printed matter, stationery, drawing materials",Paper products,Household items,Stationary,Wrapping paper,per sheet,0.758
430409,198702,"Furniture, household equipment and maintenance","Glassware, tableware and household utensils","Glassware, Tableware and Household Utensils",Non-electric kitchen utensils and articles,Household items,Stationary,Scissors,,3.892
430503,198702,Recreation and culture,"Books, newspapers and stationery","Misc. printed matter, stationery, drawing materials",Other stationery and drawing materials,Household items,Stationary,Ballpoint pen,single,0.534
520134,200501,Miscellaneous goods and services,Personal effects (nec),Other personal effects,Travel goods,Household items,Travel,Luggage trolley case,60-70cm,90.252
630156,201502,Recreation and culture,Audio-visual equipment and related products,Reception and reproduction of sound and pictures,Other equipment for the reception; recording and reproduction of sound and picture,Recreation and culture,Audio and visual equipment,Headphones,,27.268
630159,201802,Recreation and culture,Audio-visual equipment and related products,Reception and reproduction of sound and pictures,Equipment for the reception; recording and reproduction of sound and vision,Recreation and culture,Audio and visual equipment,Television (small),"39"" or smaller",196.883
630160,201802,Recreation and culture,Audio-visual equipment and related products,Reception and reproduction of sound and pictures,Equipment for the reception; recording and reproduction of sound and vision,Recreation and culture,Audio and visual equipment,Television (large),"40"" or larger",480.843
630164,202002,Recreation and culture,Audio-visual equipment and related products,Reception and reproduction of sound and pictures,Equipment for the reception; recording and reproduction of sound and vision,Recreation and culture,Audio and visual equipment,DVD/Blu-ray player,,164.909
630434,200602,Recreation and culture,"Books, newspapers and stationery",Books,Fiction books,Recreation and culture,Books,Book illustrated for under 5s,,6.122
630437,201202,Recreation and culture,"Books, newspapers and stationery",Books,Fiction books,Recreation and culture,Books,Teenage fiction book,,8.614
630439,201602,Recreation and culture,"Books, newspapers and stationery",Books,Fiction books,Recreation and culture,Books,"Fiction book (paper back, bestseller)",,7.279
630440,201902,Recreation and culture,"Books, newspapers and stationery",Books,Fiction books,Recreation and culture,Books,Child's fiction book (6-12 yrs.),,6.536
630226,200501,Recreation and culture,Audio-visual equipment and related products,Recording media,Unrecorded recording media,Recreation and culture,CD's and DVD's,Recordable CD,single,0.358
630376,201802,Recreation and culture,"Other recreational items, gardens and pets","Games, toys and hobbies",Toys and celebration articles,Recreation and culture,"Games, toys and hobbies",Childs's sit and ride toys (under 5s),,44.192
630314,198702,Recreation and culture,"Other recreational items, gardens and pets","Games, toys and hobbies",Toys and celebration articles,Recreation and culture,"Games, toys and hobbies",Construction toy,,14.494
630317,198802,Recreation and culture,"Other recreational items, gardens and pets",Equipment for sport and open-air recreation,Equipment for camping and open-air recreation,Recreation and culture,"Games, toys and hobbies",Adult sleeping bag,,50.846
630342,200402,Recreation and culture,Other major durables for recreation and culture,Major durables for in/outdoor recreation,Musical instruments,Recreation and culture,"Games, toys and hobbies",Beginner's acoustic guitar,,119.344
630359,200802,Recreation and culture,Recreational and cultural services,Cultural services,Photographic services,Recreation and culture,"Games, toys and hobbies",Digital development,per print,0.692
630368,201302,Recreation and culture,"Other recreational items, gardens and pets","Games, toys and hobbies",Toys and celebration articles,Recreation and culture,"Games, toys and hobbies",Electronic educational toy,,22.564
630373,201702,Recreation and culture,"Other recreational items, gardens and pets","Games, toys and hobbies",Toys and celebration articles,Recreation and culture,"Games, toys and hobbies",Jigsaw,minimum 100 pieces,11.931
630382,202202,Recreation and culture,"Other recreational items, gardens and pets","Games, toys and hobbies",Games and hobbies,Recreation and culture,"Games, toys and hobbies",Adult craft hobby kit,,15.307
630505,198702,"Furniture, household equipment and maintenance",Tools and equipment for house and garden,Tools and equipment for House and Garden,Non-motorized small tools,Recreation and culture,Gardening,Garden spade,,21.249
630507,198902,Recreation and culture,"Other recreational items, gardens and pets","Gardens, plants and flowers",Plants and flowers,Recreation and culture,Gardening,Houseplant,,7.363
630510,198902,Recreation and culture,"Other recreational items, gardens and pets","Gardens, plants and flowers",Garden products,Recreation and culture,Gardening,Potting compost,,5.814
630518,200102,Recreation and culture,"Other recreational items, gardens and pets","Gardens, plants and flowers",Plants and flowers,Recreation and culture,Gardening,Cut flower carnation stem,,0.482
630519,200102,Recreation and culture,"Other recreational items, gardens and pets","Gardens, plants and flowers",Plants and flowers,Recreation and culture,Gardening,Potted shrub,,9.104
630525,201402,Recreation and culture,"Other recreational items, gardens and pets","Gardens, plants and flowers",Garden products,Recreation and culture,Gardening,Plant food,800ml-2litre/500g-1.5kg,5.839
630526,201902,Recreation and culture,"Other recreational items, gardens and pets","Gardens, plants and flowers",Plants and flowers,Recreation and culture,Gardening,Plant seeds,,1.978
640212,198702,Recreation and culture,Recreational and cultural services,Cultural services,Cinemas; theatres; concerts,Recreation and culture,Other,Theatre ticket,one adult,32.49
220324,200501,Restaurants and hotels,Catering services,"Restaurants, cafes",Restaurants; cafes and dancing establishments,Recreation and culture,Other,Cinema popcorn,,5.537
640406,200501,Restaurants and hotels,Accommodation services,Accommodation Services,Hotels; motel; inns and similar accommodation services,Recreation and culture,Other,Hotel stay,per night,94.632
430613,199602,Recreation and culture,"Other recreational items, gardens and pets","Pets, related products and services",Products for pets,Recreation and culture,Pets,Can of dog food,385-400g,0.942
430617,200202,Recreation and culture,"Other recreational items, gardens and pets","Pets, related products and services",Products for pets,Recreation and culture,Pets,Pet cage for a small mammal,,33.047
430621,200302,Recreation and culture,"Other recreational items, gardens and pets","Pets, related products and services",Veterinary and other services for pets,Recreation and culture,Pets,Annual booster injection (medium dog),,52.104
430622,200302,Recreation and culture,"Other recreational items, gardens and pets","Pets, related products and services",Veterinary and other services for pets,Recreation and culture,Pets,Dog kennel fees,daily charge,19.356
430625,201402,Recreation and culture,"Other recreational items, gardens and pets","Pets, related products and services",Products for pets,Recreation and culture,Pets,Wild bird seed pack,500g-2kg,3.415
430626,201902,Recreation and culture,"Other recreational items, gardens and pets","Pets, related products and services",Products for pets,Recreation and culture,Pets,Dog treats,70-400g,1.959
430627,202202,Recreation and culture,"Other recreational items, gardens and pets","Pets, related products and services",Products for pets,Recreation and culture,Pets,Pet collar,single,8.253
630340,200402,Recreation and culture,"Other recreational items, gardens and pets",Equipment for sport and open-air recreation,Equipment for sport,Recreation and culture,Sports and sport equipment,Carbon fibre fishing rod,,49.28
630343,200402,Recreation and culture,"Other recreational items, gardens and pets",Equipment for sport and open-air recreation,Equipment for sport,Recreation and culture,Sports and sport equipment,Men's football boots,,76.261
630345,200402,Recreation and culture,"Other recreational items, gardens and pets",Equipment for sport and open-air recreation,Equipment for sport,Recreation and culture,Sports and sport equipment,Golf ball,per ball,1.541
630357,200602,Recreation and culture,"Other recreational items, gardens and pets",Equipment for sport and open-air recreation,Equipment for sport,Recreation and culture,Sports and sport equipment,Squash/tennis racket,,34.108
640219,199302,Recreation and culture,Recreational and cultural services,Recreational and sporting services,Recreational and sporting services - Participation,Recreation and culture,Sports and sport equipment,Swimming pool/leisure centre admission,,5.194
640222,199602,Recreation and culture,Recreational and cultural services,Recreational and sporting services,Recreational and sporting services - Participation,Recreation and culture,Sports and sport equipment,Exercise class,1hr,7.03
640224,200002,Recreation and culture,Recreational and cultural services,Recreational and sporting services,Recreational and sporting services - Participation,Recreation and culture,Sports and sport equipment,Ten-pin bowling,per game,7.338
640226,200102,Recreation and culture,Recreational and cultural services,Recreational and sporting services,Recreational and sporting services - Participation,Recreation and culture,Sports and sport equipment,Private health club/gym,annual fee,419.023
640243,201802,Recreation and culture,Recreational and cultural services,Recreational and sporting services,Recreational and sporting services - Participation,Recreation and culture,Sports and sport equipment,Soft play session, ,6.806
640244,202202,Recreation and culture,Recreational and cultural services,Recreational and sporting services,Recreational and sporting services - Participation,Recreation and culture,Sports and sport equipment,Climbing wall session,,11.466
440120,200102,Miscellaneous goods and services,Social protection,Social Protection,Child care services,Services,Care,Child minder,hourly rate,5.236
440126,200501,"Furniture, household equipment and maintenance",Goods and services for routine maintenance,Domestic services and household services,Domestic services by paid staff,Services,Care,Nanny fees,weekly,570.011
440128,200501,Miscellaneous goods and services,Social protection,Social Protection,Services to maintain people in their private homes,Services,Care,Home care assistant,hourly rate,22.737
440129,200602,Miscellaneous goods and services,Social protection,Social Protection,Child care services,Services,Care,Playgroup fees,per session,8.648
440232,200102,Miscellaneous goods and services,Social protection,Social Protection,Child care services,Services,Care,Nursery fees (0-4 yrs.),per day,45.243
520324,200202,Miscellaneous goods and services,Social protection,Social Protection,Retire homes for elderly/residences for disabled,Services,Care,Residential home,per week,962.614
520325,200202,Health,Hospital services,Hospital Services,Hospital Services,Services,Care,Nursing home,per week,1169.979
520301,198702,Miscellaneous goods and services,Personal care,Hairdressing and personal grooming establishments,Hairdressing for men and children,Services,Hairdressing,Men's haircut,,16.885
520303,198702,Miscellaneous goods and services,Personal care,Hairdressing and personal grooming establishments,Hairdressing for women,Services,Hairdressing,Women's hairdressing (cut & blow dry),,40.672
520311,199402,Miscellaneous goods and services,Personal care,Hairdressing and personal grooming establishments,Hairdressing for women,Services,Hairdressing,Women's highlighting,,76.28
520313,199802,Health,Out-patient services,"Medical services, paramedical services",Paramedical services,Services,Health,Physiotherapy (private),per session,52.781
520326,200302,Health,Out-patient services,Dental services,Dental services,Services,Health,Private dental examination,,48.205
520332,200501,Health,Out-patient services,"Medical services, paramedical services",Paramedical services,Services,Health,Chiropractor (private),per session,58.725
410508,199002,"Housing, water, electricity, gas and other fuels",Regular maintenance and repair of the dwelling,Services for maintenance and repair,Services of plumbers,Services,Maintenance and repair,Plumber,hourly rate,54.273
410509,199002,"Housing, water, electricity, gas and other fuels",Regular maintenance and repair of the dwelling,Services for maintenance and repair,Services of electricians,Services,Maintenance and repair,Electrician,hourly rate,42.966
410517,200102,"Housing, water, electricity, gas and other fuels",Regular maintenance and repair of the dwelling,Services for maintenance and repair,Services of painters,Services,Maintenance and repair,Decorator,daily rate,146.884
410518,200501,"Housing, water, electricity, gas and other fuels",Regular maintenance and repair of the dwelling,Services for maintenance and repair,Services of carpenters,Services,Maintenance and repair,Carpenter,hourly rate,26.091
440101,198702,"Furniture, household equipment and maintenance",Goods and services for routine maintenance,Domestic services and household services,Other domestic services and household services,Services,Maintenance and repair,Domestic cleaner,hourly rate,15.204
440113,199502,"Furniture, household equipment and maintenance",Goods and services for routine maintenance,Domestic services and household services,Other domestic services and household services,Services,Maintenance and repair,Window cleaning,average 3-bed semi detached,16.655
440116,199902,"Furniture, household equipment and maintenance","Household appliances, fitting and repairs",Repair of household appliances,Repair of household appliances,Services,Maintenance and repair,Washing machine repair,,62.326
440118,199902,Recreation and culture,Audio-visual equipment and related products,"Repair of audio-visual equipment , related products","Repair of audio-visual equipment , related products",Services,Maintenance and repair,PC repair,,55.369
440104,198702,Clothing and footwear,Clothing,"Cleaning, repair and hire of clothing",Cleaning of clothing,Services,Other,Dry cleaning mans suit,,14.665
440105,198702,Transport,Operation of personal transport equipment,Other services,Driving lessons; test licences and road worthiness tests,Services,Other,Driving lesson,per hour,33.749
440121,200102,Restaurants and hotels,Catering services,"Restaurants, cafes",Restaurants; cafes and dancing establishments,Services,Other,Event catering,cost per head,9.157
440123,200402,Transport,Transport services,Passenger transport by road,Removal and storage services (was previously - International flights - No,Services,Other,Home removal van,,507.427
440127,200501,Transport,Transport services,Passenger transport by road,Removal and storage services (was previously - International flights - No,Services,Other,Self-storage fee,monthly,115.28
440227,199802,Miscellaneous goods and services,Other services (nec),Other Services Not Elsewhere covered,Funeral services,Services,Other,Standard funeral cremation service,,3022.316
440240,200202,Miscellaneous goods and services,Other services (nec),Other Services Not Elsewhere covered,Legal services and accountancy,Services,Other,Standard will for a single person,,271
440254,200501,Miscellaneous goods and services,Other services (nec),Other Services Not Elsewhere covered,Legal services and accountancy,Services,Other,Solicitor,hourly rate,274.357
520331,200402,Miscellaneous goods and services,Personal care,Hairdressing and personal grooming establishments,Personal grooming treatments,Services,Other,Basic manicure,,21.304
320108,198702,Alcoholic beverages and tobacco,Tobacco,Tobacco,Cigarettes,Recreation and culture,Tobacco,King size cigarettes,pack of 20,14.751
320115,200202,Alcoholic beverages and tobacco,Tobacco,Tobacco,Cigarettes,Recreation and culture,Tobacco,Cigarettes,pack of 20,11.356
320122,200802,Alcoholic beverages and tobacco,Tobacco,Tobacco,Cigarettes,Recreation and culture,Tobacco,Filter cigarettes,pack of 20,13.158
320124,201602,Alcoholic beverages and tobacco,Tobacco,Tobacco,Other tobacco products,Recreation and culture,Tobacco,E-cig refill,2-10ml ,3.731
320206,199602,Alcoholic beverages and tobacco,Tobacco,Tobacco,Other tobacco products,Recreation and culture,Tobacco,Hand rolling tobacco pack,30g,17.907
620318,200501,Transport,Purchase of vehicles,Motorcycles and bicycles,Bicycles,Transport,Bikes and cycling equipment,Adult bike,,447.154
620319,201702,Clothing and footwear,Clothing,Other clothing and clothing accessories,Other articles of clothing,Transport,Bikes and cycling equipment,Adult cycle helmet,,36.003
610115,202302,Transport,Purchase of vehicles,Motorcycles and bicycles,Motor cycles,Transport,Bikes and cycling equipment,Adult electric bike, ,981.919
610227,199902,Transport,Operation of personal transport equipment,Other services,Driving lessons; test licences and road worthiness tests,Transport,Services,Car MOT test fee,,46.552
610231,200402,Transport,Operation of personal transport equipment,Maintenance and repairs,Maintenance and repairs,Transport,Services,Car service (local garage),,188.293
610232,200402,Transport,Operation of personal transport equipment,Maintenance and repairs,Maintenance and repairs,Transport,Services,Car service (main dealer),,291.228
610235,200602,Transport,Operation of personal transport equipment,Maintenance and repairs,Maintenance and repairs,Transport,Services,Car repairs (main dealer),,130.114
610236,200602,Transport,Operation of personal transport equipment,Maintenance and repairs,Maintenance and repairs,Transport,Services,Car repairs (local garage),,68.115
610238,201402,Transport,Operation of personal transport equipment,Maintenance and repairs,Maintenance and repairs,Transport,Services,Car wash (hand or automatic),,5.941
610242,202202,Transport,Operation of personal transport equipment,Maintenance and repairs,Maintenance and repairs,Transport,Services,Exhaust fitting,,187.666
620308,199502,Transport,Transport services,Passenger transport by road,Passenger transport by taxi & hired car with driver,Transport,Services,Minicab fare,per 2 miles,7.37
620315,200402,Transport,Operation of personal transport equipment,Other services,Toll facilities and parking meters,Transport,Services,Car park charges,per 2 hrs,2.554
610204,198702,Transport,Operation of personal transport equipment,Spare parts and accessories,Tyres,Transport,Spare parts,Car tyre,,82.96
610303,198702,Transport,Operation of personal transport equipment,Fuels and lubricants,Lubricants,Transport,Spare parts,Multigrade oil,per litre,13.765
620303,198702,Transport,Operation of personal transport equipment,Other services,Hire of garages; parking spaces and personal transport equipment,Transport,Vehicle hire,Self drive van hire,per day,68.506
620307,199302,Transport,Operation of personal transport equipment,Other services,Hire of garages; parking spaces and personal transport equipment,Transport,Vehicle hire,Self drive car hire,per day,75.083