ITEM_ID,2018-01-01,2018-02-01,2018-03-01,2018-04-01,2018-05-01,2018-06-01,2018-07-01,2018-08-01,2018-09-01,2018-10-01,2018-11-01,2018-12-01,2019-01-01,2019-02-01,2019-03-01,2019-04-01,2019-05-01,2019-06-01,2019-07-01,2019-08-01,2019-09-01,2019-10-01,2019-11-01,2019-12-01,2020-01-01,2020-02-01,2020-03-01,2020-04-01,2020-05-01,2020-06-01,2020-07-01,2020-08-01,2020-09-01,2020-10-01,2020-11-01,2020-12-01,2021-01-01,2021-02-01,2021-03-01,2021-04-01,2021-05-01,2021-06-01,2021-07-01,2021-08-01,2021-09-01,2021-10-01,2021-11-01,2021-12-01,2022-01-01,2022-02-01,2022-03-01,2022-04-01,2022-05-01,2022-06-01,2022-07-01,2022-08-01,2022-09-01,2022-10-01,2022-11-01,2022-12-01,2023-01-01,2023-02-01,2023-03-01,2023-04-01,2023-05-01
520130,,0,-0,0,0,0,0,0,-0,-0,-1,-0,-1,0,1,0,0,2,0,1,1,0,0,0,0,1,-0,-0,-1,1,3,3,0,1,-3,4,-2,-1,0,1,6,1,-1,0,1,-0,1,-0,-0,1,2,0,3,-0,1,3,0,1,-1,1,-2,1,1,1,1
520131,,4,-1,-1,0,-2,-0,2,0,0,-0,-0,-0,2,0,-2,-0,-1,0,0,-0,0,0,-1,-0,2,1,-4,-1,7,-1,-1,-0,-1,1,-1,-0,0,0,-2,3,-0,-3,3,0,-1,1,-1,-1,2,1,-2,3,-2,2,2,-0,-2,1,-0,-2,4,1,-1,1
520137,,-0,-0,-1,1,3,-0,1,-1,-2,1,-2,2,0,-2,2,0,-0,-1,1,0,-1,-0,-0,-0,1,-1,6,0,-5,1,3,-1,-2,2,-1,3,1,-2,-1,-1,1,-1,2,-0,-0,1,1,-5,3,3,-2,1,-1,0,7,-1,-3,2,2,-1,3,0,1,1
520140,,3,2,-0,2,-3,-1,2,3,-2,-0,0,-8,3,1,1,1,-2,-7,4,4,-0,-1,-0,-3,-2,-1,2,2,-4,-3,0,3,-2,1,1,-2,-6,3,0,7,0,-1,-2,0,2,1,-2,0,2,-3,3,1,1,1,2,-1,1,0,-0,-3,1,1,2,0
510439,,,,,,,,,,,,,,,,,,,,,,,,,,,,,,,,,,,,,,,,,,,,,,,,,,,,,,,,,,,,,,2,0,3,1
510434,,,,,,,,,,,,,,-4,-1,-11,3,2,-2,-7,-2,3,4,3,-2,-8,3,6,6,-3,1,3,1,4,-2,1,-9,-7,5,2,1,1,-1,-1,4,-5,1,5,-0,-8,5,0,3,2,-1,2,6,-0,-1,1,-9,-7,5,1,4
520109,,-0,2,-3,2,-3,-7,13,1,2,1,-5,-1,3,1,-0,-0,-1,-4,3,4,-4,4,-1,-1,-3,-2,-3,2,-2,-6,10,1,-0,-8,8,-3,-1,1,-0,4,-1,-0,0,-1,1,-1,0,-0,-0,2,5,-1,1,-4,1,2,0,0,-2,-3,2,1,-1,1
510429,,-1,0,1,-0,0,1,0,-0,-2,3,-1,0,1,0,1,0,-1,-0,-0,0,0,1,-1,-0,-3,4,19,-2,-0,-1,-12,1,-1,1,4,1,5,-1,-1,-1,0,0,1,1,0,2,0,-1,3,1,1,1,-2,0,1,-0,2,0,2,-3,1,1,0,1
510432,,-2,-1,-1,-1,-2,-4,4,6,-1,2,-1,-8,2,1,-1,2,-2,-6,-2,7,6,1,-2,-7,-1,-3,-2,-1,-1,-2,-2,10,8,-3,-0,-8,-3,2,1,1,2,-5,2,3,3,6,-1,-5,-3,3,3,1,2,-9,5,6,3,2,-1,-1,-1,0,0,3
510324,,1,-2,0,0,-1,-6,2,3,1,-0,0,-4,1,2,1,-0,-0,2,1,0,-0,-1,-2,0,-1,-1,-3,5,-1,-1,1,2,1,-3,2,-1,1,-1,2,-0,0,1,-0,2,3,0,1,-2,0,2,-1,0,-0,0,1,1,3,-1,-0,3,1,0,1,1
510328,,2,-0,-2,2,-4,-4,4,3,-0,1,-0,-3,-1,2,-3,3,-0,-1,2,2,0,1,-1,-3,10,-4,-8,1,-3,-5,8,2,-2,-7,-1,-9,11,1,-1,7,6,-4,-3,1,6,0,-1,-8,-4,5,2,-2,3,4,3,-2,6,1,1,-3,-3,2,-2,0
510330,,1,-2,1,2,0,-2,2,3,-1,1,-2,-3,0,3,-1,2,-0,-2,1,-0,1,1,-1,-2,0,0,-1,2,3,-1,-4,1,2,-5,-0,4,2,1,2,2,0,-0,-2,3,0,-1,0,-3,3,-1,-2,2,0,-3,-1,3,1,1,-1,-2,1,3,-2,3
510336,,0,-0,2,-1,-3,-0,-5,8,5,2,-0,-6,-0,1,-0,6,-2,1,-3,1,1,3,1,-3,-1,-2,-3,1,4,-4,2,1,2,-1,-2,1,1,-1,0,1,0,-2,2,0,3,-0,2,-3,-1,1,0,-2,3,0,-1,5,1,3,-1,-1,0,3,1,0
510340,,4,-0,3,-6,4,-7,-0,3,-4,10,-4,-0,2,5,-0,-4,-2,-4,-6,7,4,1,2,-4,-5,-1,1,4,2,-5,3,2,-3,4,-5,-3,0,-1,3,-1,1,-8,2,7,2,1,1,-7,-2,7,-8,5,2,-8,-0,6,3,5,-1,-7,3,-5,8,7
510344,,5,-0,0,1,-5,-6,14,-1,1,1,3,-9,4,0,0,0,0,-7,4,7,2,4,-1,-4,3,-4,5,-1,-3,1,4,-4,2,0,5,-6,-1,-1,2,2,-0,-4,2,5,-1,0,2,-1,-0,-1,0,1,5,-11,-1,7,6,4,-1,0,5,5,1,2
510347,,-1,-3,-3,0,-2,-6,11,10,2,1,3,-6,-7,-5,0,1,-1,-2,7,16,3,4,-1,-8,-8,-4,-4,-7,5,0,4,3,1,-2,2,-4,-5,-4,3,-3,1,-1,3,4,8,4,-0,-7,-3,0,-3,3,-1,-0,7,5,4,8,-1,-9,-2,3,-1,0
510348,,2,-3,3,1,-4,-3,6,-2,3,0,1,-4,2,-3,3,-0,1,-5,3,1,2,2,-2,0,-1,-1,2,2,-2,3,3,1,8,-8,3,-3,2,1,-0,0,-5,-4,12,1,2,0,4,-5,-4,17,-3,4,10,3,-3,1,-1,-5,-1,-6,3,1,1,6
510349,,-2,-4,2,-1,-3,-4,5,2,1,1,-1,0,0,-0,-1,1,-1,-5,3,3,-2,2,-0,-4,1,-6,-1,4,-3,1,2,2,4,-1,0,1,1,3,0,4,1,-2,-2,1,1,-0,0,-1,1,1,-5,0,-0,1,-0,3,2,0,2,1,3,1,4,0
510350,,,,,,,,,,,,,,,,,,,,,,,,,,,,,,,,,,,,,,1,-2,1,5,1,0,-1,3,1,-1,1,-2,1,5,-2,0,-1,-1,2,2,2,0,1,-3,1,3,-2,2
510351,,,,,,,,,,,,,,,,,,,,,,,,,,,,,,,,,,,,,,-2,0,3,7,-2,-7,4,3,1,1,-0,-3,3,0,1,3,0,-6,6,4,4,3,-2,-2,9,1,-1,0
510352,,,,,,,,,,,,,,,,,,,,,,,,,,,,,,,,,,,,,,-2,-9,8,3,1,-1,5,6,0,1,-3,-3,3,4,-4,2,1,-4,1,2,4,-7,0,-0,9,-2,2,1
510436,,,,,,,,,,,,,,,,,,,,,,,,,,,,,,,,,,,,,,,,,,,,,,,,,,1,1,-2,1,3,-3,-1,8,-1,1,-1,-11,4,1,6,2
510437,,,,,,,,,,,,,,,,,,,,,,,,,,,,,,,,,,,,,,,,,,,,,,,,,,2,-0,-3,1,2,2,1,3,1,2,-2,-5,0,-1,2,1
510438,,,,,,,,,,,,,,,,,,,,,,,,,,,,,,,,,,,,,,,,,,,,,,,,,,-0,2,-1,1,3,1,1,1,0,-0,-1,-1,1,8,-6,0
510353,,,,,,,,,,,,,,,,,,,,,,,,,,,,,,,,,,,,,,,,,,,,,,,,,,,,,,,,,,,,,,8,4,-4,-2
510528,,2,2,-0,-0,-3,-0,0,3,-2,-1,-4,1,-0,1,-0,-1,1,-1,0,0,0,0,1,-4,-0,1,-5,-1,-2,4,2,4,4,-5,-2,-2,-3,-0,4,5,-2,-1,1,1,-1,-1,11,-10,-1,-0,12,0,0,-2,3,7,-1,-9,10,10,0,0,1,-1
510104,,-2,-2,3,1,-4,-11,5,8,1,4,-4,-2,-1,1,0,3,-2,-8,8,5,2,3,-1,-4,-4,-1,-1,-2,2,7,-3,4,2,-7,1,-6,-7,1,5,4,0,-3,-2,3,3,0,4,-6,-1,0,2,6,-3,-4,2,7,4,-0,-1,0,-2,0,1,2
510106,,1,1,-0,1,-6,0,0,4,0,-0,1,-1,1,2,-1,2,-1,-1,-0,0,2,-0,-2,-3,0,-0,-1,-2,5,0,0,2,-1,-5,3,-3,-6,6,2,3,0,0,-0,-0,1,1,0,-2,1,2,-1,3,2,-1,2,1,0,-0,-0,-1,0,0,0,0
510108,,-2,8,-2,-3,-3,-6,7,8,2,1,-2,-4,1,-2,-4,3,-2,-7,9,9,2,-0,-1,-5,0,2,-2,-2,3,1,-6,7,3,-5,-1,-8,-8,0,12,-7,1,0,1,5,3,-0,1,-3,-1,-1,3,-0,1,-3,-0,6,2,3,1,-3,0,-1,0,-3
510109,,2,3,0,-0,-2,-1,0,1,-1,1,-2,-1,1,1,0,1,-2,-1,-0,1,-0,1,-2,0,0,-1,-3,2,3,-2,-1,5,-1,-5,1,-14,5,1,2,4,-0,0,-1,-2,3,2,4,-5,3,2,1,1,-0,2,2,2,1,1,1,-3,3,0,0,1
510113,,2,1,-1,-1,1,-1,-2,2,-2,3,-0,-3,2,-2,3,1,0,-0,-5,-0,-1,2,-3,-1,2,2,0,-9,10,-3,2,2,-5,-4,3,-6,-2,2,8,3,0,-1,-3,1,1,-1,1,-3,1,3,2,3,-1,-1,2,0,3,-0,-1,-1,2,2,0,1
510117,,2,1,1,-0,-5,1,0,4,1,-0,-3,-1,1,3,0,-1,1,-3,-2,5,-0,1,-1,-2,1,0,-7,-3,4,-6,12,2,1,-7,3,-10,6,1,4,0,1,-2,-1,1,2,-0,0,-0,2,1,1,-0,0,-1,2,-1,4,1,-0,-1,3,1,2,0
510118,,3,4,-2,1,-6,-1,5,2,1,-0,-1,-2,0,4,-1,1,0,-3,-2,3,0,-1,-3,-1,0,-0,-3,-4,6,-1,1,-1,1,-4,2,-12,1,0,6,2,1,2,-1,1,1,1,-2,0,1,2,0,1,-0,-0,-1,3,2,3,0,-0,1,1,2,0
510120,,-3,-4,-3,-0,-5,0,4,7,-1,4,-3,-6,4,-0,-3,4,-2,-5,5,3,2,1,-2,-4,2,-4,-5,2,5,0,-0,3,4,-6,4,-7,-4,3,4,-1,3,-1,-1,-1,5,2,-2,-2,0,2,2,2,1,-3,0,3,4,1,1,-4,1,-2,2,1
510128,,-1,3,-1,1,-2,-4,2,2,0,-1,1,-4,-1,2,-0,1,1,2,-0,-0,-0,1,-0,-6,-1,0,-2,0,0,-2,-1,1,13,1,0,11,-5,-1,1,-0,-1,-2,1,-5,-1,-4,7,1,-0,36,3,1,-1,-11,-2,9,-1,-2,8,-3,-1,-1,-1,1
510130,,-5,4,0,0,-3,-1,2,17,1,3,-4,-9,-5,1,0,1,-0,-2,2,11,3,3,-5,-11,-6,-4,-3,-1,3,0,1,12,4,-6,6,-19,1,-4,3,2,1,-0,-1,29,3,2,1,-10,-5,1,2,1,0,-1,1,8,1,0,-2,-5,0,-3,-1,1
510131,,1,1,2,1,-4,-3,-1,8,-3,4,-2,-4,1,1,1,1,-1,-5,0,1,-1,1,1,-4,0,2,-5,-4,6,-4,3,0,8,-2,2,-8,-3,2,4,5,-0,-2,-0,-1,7,-1,3,-8,6,1,1,2,0,-1,2,1,3,-3,1,-2,0,5,0,2
510132,,2,4,-1,-1,-2,1,-0,1,-1,1,-3,-3,2,1,1,-0,-2,-1,1,1,-2,2,-2,-3,1,2,-4,3,-1,2,-0,0,-2,-3,2,-4,-0,-1,1,3,0,-1,-1,4,1,1,-1,0,-3,7,2,2,0,-1,-1,4,1,-0,1,-2,3,6,1,1
510133,,,,,,,,,,,,,,,,,,,,,,,,,,,,,,,,,,,,,,2,0,2,3,0,1,-0,-4,4,1,-3,-1,-1,1,4,0,1,-2,-1,3,1,2,1,-5,3,0,2,0
510134,,,,,,,,,,,,,,,,,,,,,,,,,,,,,,,,,,,,,,,,,,,,,,,,,,1,3,4,-0,-0,-2,3,1,4,1,-1,-3,4,1,0,0
510413,,-0,0,0,0,-1,1,-1,1,-2,2,-0,-1,0,-0,-1,1,-1,1,-1,1,0,0,-1,1,0,-1,-4,4,5,-1,1,-1,1,-2,1,-2,-3,2,0,2,-1,0,0,0,-0,1,-0,1,1,1,0,-0,-0,-0,2,2,2,0,-0,-1,0,4,1,-1
510419,,-1,1,-0,0,-1,-0,1,2,1,0,-1,-1,0,1,0,2,-1,-1,-0,2,2,0,-2,-3,1,-1,-3,5,-1,-4,2,2,-2,-1,0,-3,6,1,1,4,-2,-3,2,3,-3,-1,5,-1,-0,1,3,-0,-0,1,1,7,2,2,-1,-2,3,1,1,1
510433,,-0,-1,0,-1,-1,0,2,1,2,3,-1,-2,-2,-1,4,3,-1,-2,-3,1,-2,1,0,1,-2,1,-2,3,-5,0,4,0,6,-8,-0,12,-2,-2,-0,0,-0,0,4,1,6,-0,-1,0,-2,4,0,0,1,-1,0,2,1,-2,-1,-3,-1,1,1,0
510501,,2,2,1,-0,-1,-1,1,3,-1,0,0,-3,2,1,1,-0,0,-2,1,2,1,-1,-0,-4,2,1,-5,-3,4,-1,1,1,0,-4,-1,-11,3,1,6,6,1,1,1,0,0,-5,2,2,-0,-1,2,2,2,-1,1,1,-2,-0,-0,1,1,2,0,1
510515,,3,3,0,-1,-1,-3,1,2,-6,8,-6,-2,-2,4,-1,-1,1,-4,3,3,-2,2,-3,-2,1,1,-5,1,-2,0,3,-1,-0,2,-6,-6,-2,5,0,3,-2,0,1,0,3,1,2,-1,2,2,0,1,0,-1,-4,3,2,2,-3,-1,4,1,1,2
510516,,4,1,-1,3,-3,-4,2,-2,2,-4,2,-2,0,-1,-4,5,0,1,1,-1,0,2,-3,1,2,-3,1,2,-5,4,0,1,0,-2,-0,1,-3,3,0,2,-0,3,-0,-0,-2,-1,1,4,1,-1,8,-1,1,-0,2,-4,-0,-1,1,-0,3,-2,2,-2
510535,,2,2,2,0,-1,-2,-1,2,-0,-1,-1,-3,-1,2,1,-1,-0,-1,-2,3,1,2,-2,-1,-0,2,-4,2,2,0,-2,1,3,-3,-3,-1,-1,4,2,2,1,-2,-1,2,-1,-1,-1,-4,2,5,2,0,-1,-2,-2,2,3,-1,-1,-3,1,2,-1,2
510534,,-2,4,-0,0,-1,-1,-1,3,-1,-1,-0,-0,-1,3,-3,1,-0,-1,0,0,2,2,-0,-3,0,1,-5,1,0,3,1,-1,1,3,3,-1,1,1,6,-7,1,0,2,1,-0,-0,-4,2,-0,1,1,-4,1,0,2,1,2,-2,-0,0,2,3,-1,0
510206,,10,-1,1,-0,-5,-6,3,5,-1,-1,-1,-4,5,1,2,3,-3,-9,3,3,1,3,-5,-4,5,-3,5,4,-9,-10,10,4,2,-4,-3,-7,-4,10,6,6,1,-5,-2,5,1,1,4,-4,2,7,2,4,-3,-4,2,-1,2,1,-5,-5,8,5,0,1
510208,,2,3,1,1,-6,-8,8,7,0,3,-1,-9,4,3,3,-1,0,-4,6,3,0,-1,-4,-5,5,0,-0,-16,10,-4,3,8,5,-6,-4,-10,-2,4,4,9,1,-3,-5,11,1,-1,7,-8,2,7,0,6,-1,-4,1,1,1,1,3,-12,9,4,3,-1
510212,,1,-2,-6,0,-2,-10,13,6,2,2,-3,-5,0,-3,2,-3,-6,-12,21,10,2,3,-1,-9,2,-3,-3,-7,3,-0,3,12,6,-7,4,-8,-6,1,1,8,-2,-5,-1,7,-0,3,-1,-2,3,4,2,-2,-5,-5,7,8,2,3,-4,-2,9,3,-1,2
510215,,3,1,0,-3,-5,-1,-1,0,-1,8,-3,-1,-1,6,-3,-2,-0,-3,-1,4,-3,4,-3,-0,2,2,-5,10,-1,-2,-2,-1,1,4,1,1,-5,3,2,3,2,0,-0,-0,0,-1,6,-5,1,3,2,2,-1,-1,-1,2,2,1,-2,-2,3,1,1,3
510219,,-3,5,-5,0,-5,-4,9,7,-1,3,1,-11,-0,2,0,-1,-5,-7,9,6,2,1,-4,-5,3,-3,-9,5,-8,4,4,5,7,-4,-1,-13,-0,2,6,8,1,-4,-4,4,4,2,3,-6,-0,0,0,0,-0,-4,7,3,4,0,1,-7,3,-2,1,0
510223,,3,0,1,0,-5,1,1,7,-4,-0,-6,-3,4,3,4,3,2,-7,8,2,-7,-0,-4,-10,7,-1,8,-7,2,-6,5,3,3,-3,-3,-11,-6,4,2,10,3,-1,-4,-3,-1,2,-2,-5,5,1,0,4,-1,-5,1,2,0,2,-2,-6,7,-1,1,3
510233,,4,-0,0,-1,-2,-7,-3,9,1,3,1,-7,3,0,-2,-0,-3,-4,8,5,3,1,-3,-5,0,0,-0,2,-6,1,-5,11,2,0,-2,-8,-1,3,2,2,5,-6,0,7,5,0,0,-2,0,2,2,1,-1,-6,5,2,1,2,8,-8,3,1,-2,3
510235,,1,4,0,1,-1,-5,6,2,1,1,0,-5,3,0,1,3,1,-6,-0,2,5,1,-3,-10,6,1,5,-4,8,-9,6,-2,4,-2,-5,-6,-3,5,2,1,1,-6,1,-4,4,3,0,-3,4,-1,0,0,0,0,-3,2,2,-1,1,-3,7,5,0,3
510236,,0,1,2,1,-2,-7,1,5,-3,2,-1,-6,4,5,2,-0,-3,-4,3,3,1,-2,-4,1,7,-4,2,3,-9,7,-2,1,2,-1,-3,-10,-5,2,9,-1,2,-2,7,0,-0,-1,-0,1,0,4,1,-1,2,-4,4,3,3,1,-1,-4,4,1,0,2
510237,,5,3,1,2,-2,-3,6,5,-4,5,-4,-3,5,2,-5,1,-0,-6,5,7,0,-1,-4,-6,3,1,-5,-3,3,-2,6,-1,8,-8,-1,-14,-6,5,6,12,2,-5,-0,-1,5,4,-4,-13,1,5,7,5,0,-2,-1,5,-1,-0,2,-12,5,6,3,3
510245,,10,-3,4,0,-3,-11,7,3,3,5,-1,-13,7,4,2,-2,0,-8,3,7,2,3,-3,-7,3,1,-10,0,5,-5,1,5,5,-8,-4,-7,-7,1,7,11,2,-6,1,5,3,3,-3,-8,7,3,4,0,-2,-4,1,9,2,-4,-4,-6,12,2,2,2
510248,,2,0,-0,0,0,-8,4,1,-2,5,-1,-4,11,3,-3,1,-2,-2,2,5,2,-0,-2,-2,4,-3,-2,2,-0,2,-0,2,4,-2,-0,-12,-6,10,1,3,5,1,-0,1,0,2,2,-3,6,3,1,0,-1,2,1,1,2,-2,-0,1,2,4,-1,1
510250,,-3,2,1,0,-3,-5,5,9,1,-1,-0,-11,-8,2,2,0,-1,-4,4,18,5,3,-5,-9,-4,-5,-2,3,-0,-2,0,16,4,-5,-1,-8,-6,-2,6,5,1,-3,0,8,5,1,3,-11,-4,-0,2,2,-1,-2,2,4,4,-3,-2,-5,2,1,2,2
510257,,7,5,0,1,-8,-9,7,7,-2,-1,-1,-5,5,1,2,-1,-3,-7,6,6,-1,3,-3,-9,6,-4,-1,-12,10,-1,4,3,-1,-4,7,-11,-3,4,4,5,1,-4,1,10,-1,6,-1,-4,1,5,4,1,-5,-4,2,2,-0,5,-3,-12,9,2,3,3
510258,,2,3,-1,-1,0,-3,-1,-0,0,3,-0,-2,1,-0,1,2,-3,-0,-2,4,-0,1,-3,1,1,3,1,-2,-0,-2,-1,2,4,-4,1,4,-1,2,1,-1,0,-2,-1,-1,1,0,-1,0,3,-2,2,3,-1,1,2,2,2,1,0,-2,5,0,1,-1
510259,,7,1,6,0,-2,-6,9,6,-3,4,-1,-13,1,2,6,-1,-6,-2,6,4,-2,6,-2,-14,7,9,-3,4,-5,-8,-5,3,8,-6,-6,-8,-3,5,10,-3,6,0,-1,-5,1,9,-5,-12,5,11,4,1,-1,-3,-0,5,-2,5,-3,-13,4,4,3,2
510405,,2,2,-3,-1,-1,-6,6,0,2,3,-1,-10,7,-3,3,-2,-1,-10,1,5,2,3,-1,-2,-1,-1,2,-2,-2,6,-3,2,2,-2,-2,-2,0,7,-2,0,-1,-3,0,3,5,2,-2,-4,4,-1,5,-2,-2,-3,0,7,1,2,-2,-6,7,5,-2,2
510406,,-1,2,-0,1,0,-1,2,0,0,0,0,-2,0,-1,1,1,0,-2,0,3,-1,2,1,-2,1,-0,0,1,-1,2,0,-0,0,2,-1,2,-0,-1,-0,1,0,-2,0,0,2,0,-0,2,0,1,-1,0,0,-0,0,2,0,1,1,-1,3,1,-1,2
510407,,2,-2,2,1,-0,-1,0,-1,-1,2,1,-3,1,-1,0,1,-0,-3,1,2,-1,2,-1,-0,-0,-1,4,-5,8,0,-1,1,-0,-2,0,-1,0,-1,2,-2,3,-1,-2,1,2,2,-2,2,0,-1,1,-1,0,-1,-1,3,2,-1,-0,0,4,1,-2,4
510506,,10,2,3,-2,-1,-6,2,-0,-2,4,-5,-4,4,3,2,-1,-2,-7,-5,2,2,5,-1,-6,5,1,-5,-1,-2,-1,-2,-1,4,3,-0,-9,0,5,3,1,-2,-4,-4,-2,9,-1,0,0,4,4,1,1,-2,-3,-5,6,-1,4,-2,-5,2,5,-1,0
510529,,-4,2,1,1,-1,-6,6,4,-2,1,-1,-6,-5,-3,1,-4,-2,-1,11,4,5,-2,-1,-11,-4,2,1,5,-3,2,1,5,3,-5,0,-14,-6,-0,3,-2,2,-3,5,4,0,2,1,-3,-10,-0,2,4,2,2,4,3,2,-2,-3,-2,-2,1,11,3
510530,,6,2,-1,2,-1,-5,1,2,-2,1,-1,-3,1,2,0,1,-3,0,2,1,-0,1,-1,-2,2,0,-3,1,-2,3,1,2,-1,-1,-1,-6,-1,6,2,4,0,-3,-1,2,0,0,-1,-3,2,1,1,1,-3,-2,1,4,0,1,-3,-0,2,-1,0,0
310207,,0,-0,0,0,0,1,-0,-0,-1,0,0,0,1,0,-0,0,-0,0,1,-2,0,1,-0,1,-0,-0,-1,0,1,1,-2,-1,0,1,0,0,-0,0,0,0,0,0,0,-0,-0,0,0,0,1,2,0,-0,0,-0,-0,0,1,0,0,2,3,1,3,2
310215,,1,0,1,-1,-0,3,0,-2,-5,3,-3,7,1,-0,-1,-1,2,0,-3,-1,2,3,-4,3,-1,-3,3,0,2,1,-5,-1,3,-1,-0,-2,1,2,-0,0,2,-3,-0,1,-2,2,-0,-2,3,0,-0,-0,2,-2,1,2,0,2,-4,9,-4,1,2,2
310216,,-3,-2,-0,1,-3,1,4,3,-2,-4,-6,12,0,0,-8,6,2,1,0,0,-0,-1,-9,8,2,2,3,-1,-2,-3,1,-1,-0,-1,-1,5,-0,-2,-0,1,-2,-0,3,-1,-0,-0,-3,3,1,0,-1,2,-2,1,1,1,-1,-0,1,6,0,1,2,-1
310219,,-1,-2,1,-1,-0,-0,4,-0,-1,-3,0,4,-0,-2,2,-1,-0,1,2,2,-3,-1,0,4,-5,0,2,2,0,-1,-2,-1,-1,-0,-1,1,-1,-1,1,2,-3,1,3,-2,1,-1,-2,2,-0,1,2,-1,-1,1,0,2,0,1,0,2,-1,0,4,1
310220,,-1,2,0,0,-1,2,-0,-0,-2,3,-3,1,0,0,-3,2,-2,0,1,0,1,-1,0,0,-1,1,-2,1,-1,-1,1,-1,1,0,-0,-1,1,-0,-0,0,-1,0,-0,0,-1,1,1,-0,2,0,0,3,-3,3,2,-0,2,0,-1,2,0,2,1,2
310222,,0,-0,0,0,-2,2,-1,0,-2,0,2,1,0,-0,0,-0,1,0,-2,0,2,-2,1,-1,2,-1,1,-0,-2,-0,1,1,-0,-0,-2,-0,-1,-0,-0,3,-4,1,2,-1,1,-0,-0,3,0,1,1,0,-0,0,1,0,0,0,0,2,1,1,1,1
310401,,3,-5,2,2,-4,1,2,-0,-1,0,-5,6,0,-3,3,-1,-1,0,2,-3,5,-5,-3,5,2,-4,8,-3,1,1,-6,2,4,-5,-1,6,-2,-2,3,1,-0,-2,-1,3,-2,2,-4,3,-1,2,1,0,-1,1,0,3,-2,1,-3,3,1,0,0,1
310403,,0,-2,2,-2,2,-2,-1,2,-2,0,-3,4,3,-4,3,-2,2,-2,2,-2,3,-0,-5,6,-1,1,1,2,0,-1,-2,-1,1,2,-2,2,0,-2,4,-5,6,-5,0,-0,-1,2,-4,4,-1,2,1,-0,-2,2,-0,-1,2,2,-6,9,-3,3,2,-2
310406,,1,-2,2,-2,3,1,-3,3,0,-4,-3,10,2,-5,3,-5,4,-1,-1,2,-0,1,-6,10,-1,-2,1,0,-4,2,1,-0,-2,-0,-8,17,-3,-0,2,-1,1,1,0,-1,-1,2,-5,5,-0,-0,-3,3,2,-2,0,4,0,-4,-2,8,-1,-1,0,2
310423,,-9,4,3,-3,1,-5,7,-6,6,-4,-9,14,-6,-2,1,5,3,-3,-1,3,-3,1,-10,16,-2,-1,2,-3,2,-8,7,0,1,-1,-14,18,-9,3,2,5,-4,3,-2,4,1,0,-6,7,-2,3,-4,7,-2,-1,3,1,-2,4,-6,5,-2,1,4,1
310428,,-10,1,-1,12,-1,0,1,-3,-3,-11,1,17,-10,4,-5,11,2,-0,1,-1,-9,-5,-4,25,-11,0,10,2,-1,1,-2,-3,-7,-14,-2,31,-6,-0,0,6,4,-3,1,-1,-6,-9,-9,29,-4,-0,-7,13,0,3,2,-2,-5,-8,-8,30,-6,-5,5,7
310429,,2,-5,-2,3,-2,-0,-2,5,-2,-3,-5,7,3,-6,3,0,1,-2,2,1,2,-6,-4,12,0,-3,1,5,-3,0,-4,2,1,-1,-2,2,2,-1,1,-0,1,-3,1,3,-4,1,1,0,0,1,1,-1,0,1,1,-1,2,-2,-0,4,-1,2,-2,3
310430,,,,,,,,,,,,,,,,,,,,,,,,,,1,-1,-1,4,-0,-1,-1,0,2,1,-2,0,0,0,-0,-0,-0,0,-0,0,0,0,0,0,1,1,0,0,-1,1,4,1,4,2,0,-1,1,0,1,-1
310431,,,,,,,,,,,,,,,,,,,,,,,,,,,,,,,,,,,,,,,,,,,,,,,,,,,,,,,,,,,,,,-2,2,-1,-1
212006,,0,1,-1,1,0,-0,-0,0,-0,-1,0,1,-0,-1,-0,2,1,-0,-0,-1,0,0,1,1,-1,1,1,-0,-2,-0,-1,0,1,-2,1,2,0,1,0,-0,-2,-1,1,4,2,-0,1,1,1,-0,1,0,-2,10,1,1,1,1,-2,7,3,-2,4,-2
212008,,-2,0,1,2,-7,4,-6,2,1,-5,0,3,0,-2,-0,2,-1,-3,-1,1,-0,0,-0,4,-4,-1,1,-1,0,1,0,-0,1,-2,0,2,-4,-1,-1,0,-2,2,2,0,1,-1,2,2,4,0,1,4,3,0,2,3,4,9,3,-1,2,-1,1,0
212010,,-2,-0,2,-1,2,1,-1,2,0,-1,1,-0,1,-2,2,0,-0,-1,4,-2,-0,4,-0,-4,3,-2,3,1,-0,-0,-1,-3,4,-2,4,-2,0,-2,2,-1,-2,-2,8,-1,8,1,-5,3,5,5,-3,4,6,2,-1,5,1,3,1,-0,2,3,1,0
212015,,-1,1,6,-0,1,1,1,-0,-1,-1,3,-3,-1,2,1,-0,0,1,-0,1,-0,-3,4,-3,-0,3,1,1,-1,-1,3,2,-2,-0,2,-2,1,4,-1,-4,1,1,3,-2,-1,-0,1,0,3,1,1,1,-0,-1,2,-2,5,5,0,-0,1,0,1,1
212017,,0,0,3,0,0,-0,1,0,-0,0,0,-0,2,0,2,0,0,-0,-0,-0,2,-1,2,-0,2,-0,-1,0,5,0,-4,1,-1,-1,1,2,0,1,-2,-1,2,-3,1,-0,-0,1,0,1,2,1,0,0,0,1,1,1,4,2,0,0,1,0,0,1
212021,,-0,0,3,-1,1,-3,3,-1,-0,2,1,-0,0,0,2,-2,2,1,0,-2,2,5,-2,1,-1,1,-1,1,1,-0,-2,1,-2,2,-1,1,-2,-1,2,0,0,0,0,0,-0,0,-2,1,2,5,2,-2,-0,7,0,2,3,2,-2,2,3,0,1,1
212022,,2,1,-2,2,-1,1,-3,1,-2,0,-3,5,2,-1,-4,5,-1,-0,1,4,0,-4,-1,8,3,-2,-2,3,-1,-0,2,2,-3,-5,-1,10,1,-4,-1,6,-1,2,-1,1,0,1,-5,7,6,1,-5,5,-2,6,0,2,3,-2,4,3,1,-3,3,1
212023,,0,4,6,-9,4,13,-2,-1,-5,1,-5,4,1,1,-2,-3,2,-1,2,1,-1,2,-3,0,7,5,-2,1,0,2,-7,2,-1,-5,-2,1,2,0,-2,4,-9,9,-4,5,-2,0,-3,1,6,-1,3,1,-7,4,-3,4,1,4,3,-2,1,2,-3,4
212024,,14,0,-2,-8,8,-3,4,0,-1,-4,4,-6,1,6,-0,-2,-2,-1,-1,7,0,-2,5,-10,9,-0,-0,-3,7,-5,-4,7,0,-5,2,-3,2,3,2,-9,7,-0,2,4,-2,0,2,1,5,3,0,-1,3,-4,8,-1,3,1,-3,0,7,0,4,-1
212025,,,,,,,,,,,,,,-2,4,-0,-3,2,1,-1,-0,0,-2,-1,4,1,-5,2,-2,3,-4,-0,3,-0,1,-4,5,0,-7,8,-4,1,-1,1,2,-0,-1,-1,0,2,3,-0,2,-3,2,0,2,3,1,4,-1,2,-3,-2,0
210324,,,,,,,,,,,,,,,,,,,,,,,,,,-5,3,2,0,-6,7,-3,-5,0,-3,0,3,-2,-5,0,0,4,-2,-1,-2,6,1,1,0,2,-4,2,3,4,3,4,-0,-4,-2,9,-3,4,5,1,-4
210102,,1,-0,-2,1,0,2,1,-1,1,0,1,-1,2,-0,-0,-0,-1,-0,1,-0,0,-2,2,-0,-1,-0,1,-0,0,-0,-2,2,2,-3,0,0,0,0,0,0,4,-0,-1,2,0,0,1,0,-0,1,-0,1,4,0,2,0,2,1,4,1,0,0,0,0
210106,,-1,2,1,0,-1,0,0,1,1,-2,2,1,0,0,-0,-1,-1,0,-1,1,0,0,0,1,-0,0,-1,0,-3,0,4,0,1,-2,-2,1,0,1,1,-0,1,1,1,0,2,-2,1,2,2,0,1,2,2,1,1,1,-2,2,1,0,2,-1,-1,1
210111,,-1,-0,0,-0,-0,-0,0,0,0,0,0,0,3,-0,-0,0,-2,1,-1,-4,-1,-0,1,0,-0,-0,-1,-0,0,-0,2,-0,-0,-1,-1,2,2,1,-0,-1,-1,-0,0,1,-1,0,1,1,3,0,1,3,1,4,2,2,1,5,2,-0,5,0,0,-2
210113,,-1,-0,0,-1,0,-0,-0,-0,1,1,-0,2,2,0,-1,-0,-3,2,-2,-3,-1,0,2,-1,0,-0,-0,-0,0,-1,1,-0,0,1,-1,-1,3,0,-0,-5,3,-1,-0,-0,0,1,0,0,3,0,1,2,3,3,2,3,1,7,2,0,2,-1,1,-2
210320,,-5,4,1,-5,5,-2,-2,3,-2,2,1,2,-4,-1,5,-3,1,2,-1,-1,2,-4,0,3,-1,-6,7,4,4,-7,1,-1,2,-5,3,-0,0,-5,4,-2,4,-3,6,-3,-0,-1,8,0,4,-7,6,2,1,2,4,-3,5,-2,0,6,-3,5,-1,1
210321,,2,0,-9,9,0,1,2,4,2,-3,-0,-13,9,1,4,1,-4,-5,8,0,1,2,6,-9,-2,9,-17,19,-14,17,-8,-2,17,2,2,-7,2,-1,0,-1,9,-3,5,-7,2,2,8,-11,4,2,1,2,8,2,-8,10,0,2,1,-6,7,3,6,0
210115,,,,,,,,,,,,,,,,,,,,,,,,,,,,,,,,,,,,,,,,,,,,,,,,,,,,,,,,,,,,,,3,-1,2,0
210302,,-1,-0,-1,-0,-1,-0,-0,1,-0,-0,0,-1,-1,0,1,-0,1,1,0,-0,-2,1,2,-1,6,0,3,-0,0,0,-2,1,-1,1,0,-0,2,2,-0,-1,0,-0,1,-1,0,0,1,1,1,3,6,1,3,2,1,0,-1,-1,2,2,2,7,3,0
210211,,1,0,0,0,0,-0,1,0,-0,0,0,1,2,-0,2,1,1,3,-1,-0,-1,1,-0,-0,2,-2,1,-1,2,-0,0,1,0,-9,9,-1,1,-1,1,-1,0,0,-1,1,0,1,0,0,1,-1,1,2,-0,-2,6,1,-2,3,2,1,2,3,0,1
210213,,6,-4,0,-1,1,1,-0,-7,7,-3,7,-4,5,-5,-0,3,1,2,-0,-6,3,5,-2,-3,3,3,-8,2,2,1,1,1,-2,0,-2,-4,8,-3,3,-4,0,-0,2,-2,-1,5,-1,-4,3,1,-0,1,1,3,-2,1,2,-0,0,1,3,-1,0,6
210214,,4,-3,2,-2,2,-1,-3,0,3,-4,5,-4,4,-1,2,-0,2,-1,1,-2,4,-6,7,-1,1,1,1,1,-2,3,-2,-3,-2,3,-1,-3,2,-0,3,-3,0,1,1,-2,3,0,-2,2,2,3,1,1,-1,-1,1,-2,6,-3,2,-3,3,1,0,5
210215,,8,5,-6,2,5,-3,-1,-6,4,0,1,0,-1,8,-0,-5,-0,2,1,-5,-2,6,4,-19,12,9,10,-24,2,10,-2,-10,12,-0,5,-5,4,-7,-3,8,-6,0,1,-8,3,4,10,-9,4,-5,-1,6,-12,12,-11,7,4,2,2,-8,9,0,1,-1
210216,,-2,7,-3,-1,2,2,0,-2,-6,3,1,-2,-3,6,4,0,1,0,0,-2,-1,2,-2,-2,-1,7,3,-2,-0,2,-2,-2,-5,3,2,-4,-6,8,1,-2,1,2,-1,-0,-1,2,3,-5,3,2,1,-0,2,4,4,-2,-3,4,5,1,-2,5,-2,5
210219,,,,,,,,,,,,,,,,,,,,,,,,,,2,-3,4,-1,0,2,-3,-1,-5,-5,1,-3,6,0,-3,-5,9,-2,-3,1,0,4,1,-2,3,1,0,3,1,3,2,-3,-2,7,1,1,3,3,-2,2
211305,,0,1,-3,6,-3,5,-0,-2,-2,-4,9,-2,4,-6,1,-2,2,1,-5,-3,4,-1,3,-7,3,6,2,-3,-3,5,-6,1,-2,-3,7,2,0,5,-7,7,-1,-1,-2,3,3,1,2,-2,0,10,-3,3,7,5,-0,-1,2,-0,4,-5,0,3,-5,-1
211306,,-0,-2,2,0,-1,1,1,0,-0,-1,0,0,0,-0,-0,0,0,-0,-1,1,1,-1,1,1,1,-0,1,-1,0,0,-1,-2,-1,1,-2,1,0,-0,-0,0,0,-0,1,0,-0,1,1,2,2,0,1,6,6,3,3,2,3,0,-0,2,2,0,-1,-1
211408,,1,-2,-3,3,-1,-0,-3,-0,0,3,-4,6,-5,3,1,-4,0,5,-1,-2,-2,-1,-3,3,0,-2,7,2,-1,-2,-1,-0,-5,4,-3,2,3,-3,6,-4,2,0,1,-1,2,1,-3,2,5,-1,5,3,3,5,3,-0,3,-2,8,6,2,5,3,3
211501,,1,-0,-2,-3,1,-2,0,2,-0,-2,-0,1,-0,1,0,-0,-1,1,-1,-2,1,-1,1,1,-1,-0,-2,1,1,-1,-0,-3,-1,-2,1,0,-1,0,-0,0,-2,-1,1,-0,0,0,0,2,2,0,3,4,5,5,4,0,5,1,3,1,3,1,1,2
211509,,1,0,0,0,-0,-1,-1,-1,0,-0,0,0,0,0,-1,0,1,-0,0,0,-1,0,1,-0,-1,0,-0,0,1,-0,-1,1,-1,-1,-0,0,-1,0,-0,1,-2,-0,1,0,0,-0,0,1,1,0,3,4,1,3,9,2,2,3,4,0,4,1,1,0
211510,,-0,-0,1,-0,0,0,0,1,1,-0,-0,0,-1,1,1,-0,0,0,0,0,0,0,0,-1,0,-1,0,1,-0,-0,-1,0,-1,1,-0,1,2,0,0,-2,0,-0,1,0,0,-0,0,0,1,0,1,1,-0,1,1,1,3,1,0,1,1,0,0,0
211511,,-3,1,2,-3,-0,2,-1,-1,1,-1,-2,3,-0,1,-3,-3,-2,3,2,-0,-4,1,1,3,-0,-4,2,3,-6,-2,6,1,-1,-5,2,3,-1,-2,-1,5,-3,-3,5,1,-1,-2,5,1,-0,2,0,3,2,4,6,-0,4,2,1,7,-4,2,1,3
210114,,0,0,3,-1,-2,2,1,-2,-2,1,-1,3,-4,2,-1,-1,-0,2,-2,3,-1,1,1,4,-3,4,1,-3,-1,-1,2,1,0,0,-2,4,-4,-0,2,0,0,2,0,0,0,-2,4,2,-6,5,-1,1,1,0,2,3,-2,4,2,-1,-2,2,-1,0
211714,,7,-1,-0,1,-2,5,-3,2,-5,-1,9,-6,1,-1,4,0,-2,-2,3,-1,-1,-2,7,-19,9,12,4,-4,-1,1,-0,-3,0,4,2,-6,7,-5,4,3,-1,0,-3,3,-3,1,8,-8,10,1,-4,2,2,-1,4,3,1,1,6,-7,7,2,5,-3
212936,,1,-0,-2,2,-0,-1,0,-1,1,0,-0,2,-0,0,-1,1,0,0,-0,-1,1,-0,-0,0,-0,0,-1,0,2,-0,-2,2,-0,-0,2,1,-0,-1,0,-1,-1,2,0,1,1,1,1,0,1,1,1,4,4,1,2,2,2,1,2,1,1,0,1,1
212937,,1,1,-1,-0,1,-1,1,-1,-0,-1,3,1,0,-1,-1,2,-1,2,-1,-1,1,-1,1,-1,1,0,1,-0,1,-0,-2,2,-0,1,-1,2,-0,-2,1,-0,-1,2,1,1,1,1,1,0,1,1,1,4,4,1,2,1,2,0,3,0,2,-1,1,-1
212941,,-0,3,3,-8,7,-6,8,-5,1,-2,7,-2,1,3,-7,2,5,-3,0,-3,6,-4,1,4,-5,1,-0,-0,3,-1,-2,1,-1,3,0,0,0,-7,4,0,-1,-1,5,-1,-0,2,2,-2,3,-6,5,1,5,-5,10,-4,5,4,-1,-0,1,-1,0,0
212944,,,,,,,,,,,,,,,,,,,,,,,,,,,,,,,,,,,,,,,,,,,,,,,,,,9,-1,1,5,-1,1,2,-1,7,-2,4,-11,11,2,-4,0
211410,,,,,,,,,,,,,,,,,,,,,,,,,,,,,,,,,,,,,,,,,,,,,,,,,,,,,,,,,,,,,,2,-1,-2,2
211411,,,,,,,,,,,,,,,,,,,,,,,,,,,,,,,,,,,,,,,,,,,,,,,,,,,,,,,,,,,,,,6,-1,0,-6
211026,,3,2,-4,-1,-1,3,0,0,-2,2,1,1,0,-2,-2,2,-0,-4,3,0,-0,0,0,-3,-0,5,1,-0,-2,1,-1,-7,4,1,-2,1,3,1,-2,-3,3,3,-3,-8,11,0,4,-0,6,-0,5,3,3,2,4,-2,4,-1,-0,-1,3,1,-1,3
212222,,0,-1,1,1,-1,0,1,-0,-1,-0,2,-1,1,0,-1,0,0,1,-0,-1,0,-0,0,1,1,-2,1,-4,4,2,1,0,0,-3,2,-0,-5,4,-0,2,-0,-3,0,3,1,-0,-1,0,-0,-2,2,1,-3,4,1,0,0,1,0,0,4,2,0,0
212223,,-14,14,-8,-2,4,0,-3,-4,5,0,-5,6,-2,4,-5,1,5,-4,-3,11,-2,-3,2,5,-4,4,-2,9,-3,-7,3,6,-13,-2,3,6,-8,8,-5,6,-7,6,1,-2,-4,5,1,8,-6,1,9,2,-3,2,1,-3,3,-1,4,0,5,2,-2,1
212225,,-0,0,-0,2,-1,2,1,-2,1,0,-4,4,-1,-0,0,-1,3,0,-5,6,-4,4,-1,3,-3,2,-3,-2,2,-6,5,-3,-1,-2,0,4,-3,-5,6,-3,2,-0,-1,3,-4,3,1,-1,0,1,-0,2,-3,3,-2,4,1,-1,6,1,-1,5,-3,6
212226,,-2,5,-3,-5,1,7,-4,0,1,-0,-1,1,4,-2,3,-4,4,-4,1,-2,0,1,1,-1,-0,2,2,1,-0,-3,3,-2,8,-8,1,6,-7,8,1,4,-4,0,2,-2,1,-2,0,2,-3,3,1,-2,2,1,3,4,-1,0,1,2,5,3,1,0
212228,,,,,,,,,,,,,,,,,,,,,,,,,,,,,,,,,,,,,,-3,0,0,0,-0,-6,6,-1,1,-5,5,1,0,0,1,1,0,-0,0,0,-0,2,4,1,11,-3,1,1
211901,,2,-2,3,-3,0,-0,-0,-2,2,-1,4,-0,-5,4,-2,1,-0,4,-8,2,4,-2,-1,1,-4,8,2,-1,-2,3,-10,1,3,-8,9,-3,3,0,-3,3,-2,-4,1,2,1,-0,2,-0,3,0,-2,3,3,-2,2,3,-3,1,2,3,5,-1,1,-4
213003,,-1,-0,1,-1,-0,1,-0,-0,-1,-2,2,1,-3,4,-2,-1,2,0,-1,1,-0,-2,-1,3,-5,7,-9,8,-4,7,-14,4,-4,1,6,-5,-3,7,-3,3,-4,4,-0,-4,8,-2,1,2,2,-0,3,4,-1,3,-5,5,0,1,-2,7,-1,1,2,-4
213005,,-4,5,-2,1,3,1,-1,-2,-4,-2,5,0,1,-5,1,7,-1,3,-0,-8,5,1,-2,1,-1,6,-1,1,-7,7,2,-5,1,-3,4,2,-7,8,0,1,0,-0,-0,-3,1,1,-2,4,-3,-2,6,0,0,3,2,-2,2,-3,4,1,6,4,2,1
213006,,2,0,-1,2,0,-5,-3,5,-3,-0,2,-4,-2,5,-4,3,-1,-1,-0,3,-3,-2,4,0,-2,-2,5,-3,4,-0,-7,1,3,-6,1,4,-1,1,2,-2,0,-1,2,-3,-1,4,-2,3,-3,1,0,3,1,1,0,1,1,1,1,2,6,1,-1,0
213007,,,,,,,,,,,,,,,,,,,,,,,,,,,,,,,,,,,,,,-6,6,-1,-6,1,6,0,-3,-4,6,-6,8,-1,2,-3,5,-2,3,-0,-3,2,-3,-1,12,7,-5,0,4
210913,,4,-1,-3,3,-0,1,-1,-3,2,0,2,-1,0,0,-1,2,-3,2,0,0,0,1,-2,1,0,-3,1,0,0,0,-20,6,0,-8,-1,0,-1,-0,2,-2,3,-0,0,-0,3,-0,-0,-5,9,-0,6,-1,1,-1,0,1,-1,5,2,-1,6,0,0,-9
211011,,-0,1,1,1,-2,3,1,-0,-1,-1,1,-1,1,-2,3,0,1,-1,3,-0,-0,0,-1,-1,-1,0,-1,1,2,-2,1,-2,2,-2,-1,2,-2,-1,4,-3,2,2,1,-4,4,-2,3,0,-3,5,3,4,-2,4,2,3,-0,4,2,-1,0,3,1,0
211023,,0,3,-5,1,-3,1,-2,2,-3,-2,5,-4,1,1,-2,1,4,-1,6,-0,-2,4,2,1,2,-7,2,3,-0,-4,8,1,-1,0,-3,4,-5,2,-1,-2,4,-2,3,-2,1,-1,6,0,1,-1,1,0,1,-3,3,3,1,1,-0,-2,3,1,5,-3
211024,,1,1,-0,-1,-4,3,-1,1,2,-0,1,-1,2,-1,2,-1,-1,1,-1,3,-3,1,3,-0,0,1,3,-2,2,-3,1,3,-1,1,-3,3,-2,-2,3,-2,4,-1,2,-0,-3,2,-1,-1,0,1,-0,3,1,3,-0,3,2,-0,0,2,1,2,2,1
211029,,0,1,-2,2,-1,-1,2,-4,3,-2,3,-2,-2,3,-2,-2,5,-0,1,1,1,-1,0,2,-0,-2,1,-1,0,1,-2,-1,3,-1,-1,-1,1,-1,0,-3,3,0,1,-0,-0,2,1,1,1,-0,1,2,2,1,1,1,0,0,-0,-1,2,2,0,0
211030,,-0,-0,1,-3,2,-2,-2,3,1,-1,3,-2,-1,1,-1,1,-1,-1,2,1,3,-1,0,0,0,0,3,-5,-2,8,-1,-0,-3,-1,0,-3,0,0,1,-2,-0,1,0,1,-1,-0,5,-2,-1,2,3,-1,0,5,-1,3,-2,3,1,-3,1,1,1,2
212402,,3,1,1,0,0,0,0,-0,-0,0,-0,1,2,0,0,-0,0,1,0,0,-0,1,-0,-0,1,-0,3,0,-0,0,-1,1,0,-0,1,0,0,0,2,0,1,1,0,0,0,-0,1,1,0,-0,0,1,0,0,2,0,1,1,2,0,3,2,0,0
212404,,-1,2,-2,-1,-1,3,3,-4,4,-1,0,-1,4,-0,0,3,-1,-4,3,-1,-4,4,2,-3,1,-0,2,3,-4,0,1,-5,0,8,-1,-3,4,1,-2,2,-2,1,0,-2,5,1,1,3,-1,-2,5,3,-1,4,6,-5,7,-2,0,1,3,-1,2,4
211709,,0,0,-0,0,-0,0,0,0,0,0,0,1,0,-0,-1,-0,0,0,-0,-1,0,0,-0,0,0,0,0,0,-0,-0,-0,0,-0,0,-0,0,-0,-0,0,0,0,-1,2,-0,3,1,1,0,2,-1,5,3,3,7,3,0,5,2,4,-1,0,1,-4,-2
211710,,0,0,-0,0,-0,0,0,0,0,1,0,-0,0,-1,0,0,-0,-0,0,-0,-0,0,0,0,0,0,-0,0,0,0,0,-0,0,0,0,0,0,-0,0,0,-0,0,1,-0,1,3,3,0,3,2,2,3,6,6,6,1,6,1,3,-0,0,0,-2,-1
211808,,-1,-0,0,-0,-6,7,-3,3,-0,1,0,-0,0,0,-0,-0,0,0,-1,3,0,0,1,-0,0,1,-10,-4,-0,-0,3,3,1,0,-0,-0,-1,-0,1,2,-5,4,0,-1,1,-0,-0,1,3,2,2,1,1,1,-1,6,1,-1,5,1,5,-1,11,2
211814,,-1,0,-0,-1,-6,8,1,-0,1,1,-1,1,-0,0,-0,1,0,0,1,2,-0,-0,-1,1,-1,3,-3,-4,2,1,0,-1,0,-1,2,-1,-0,0,1,-0,-4,4,1,1,0,0,-0,2,3,-2,4,1,3,1,4,1,5,1,3,-0,1,1,3,1
211815,,-0,-0,-0,-0,0,-1,1,0,0,0,-0,1,0,-0,-1,-0,-1,0,1,0,0,-0,-1,0,-0,-0,0,-0,-1,0,-0,0,-0,0,-3,3,-1,1,-0,-1,0,-0,1,0,1,-0,2,2,1,-0,1,2,1,1,5,1,0,3,0,0,1,0,0,0
211604,,,,,,,,,,,,,,,,,,,,,,,,,,,,,,,,,,,,,,,,,,,,,,,,,,0,0,-1,6,1,2,4,5,0,2,5,1,3,0,3,-1
211101,,-1,1,1,-3,3,-0,0,0,2,-1,-0,-1,4,-0,-2,1,0,3,-3,1,0,-0,-0,0,-0,2,1,-0,-1,-2,3,0,-1,0,-0,0,1,-0,0,1,0,-0,0,0,-0,0,1,-1,2,1,1,1,2,2,0,0,-2,6,-0,3,1,1,1,0
211105,,-1,1,-1,2,0,-5,-2,5,0,-1,-5,4,1,-2,-2,3,-1,-3,-1,4,-2,-0,1,-3,-1,1,-1,-2,-1,1,2,-4,-0,-1,-3,3,-4,-3,3,-4,-1,4,-2,2,1,-0,3,-3,4,1,0,2,4,1,4,-1,2,0,2,-0,4,2,0,5
211106,,1,-4,8,-1,0,-2,2,-1,-0,2,-1,-1,2,-3,2,0,-1,2,-2,2,-4,2,-1,2,-2,2,1,1,1,-2,-4,2,-3,3,-5,5,-3,-1,4,-3,4,-4,4,-1,-0,1,-3,7,-2,3,-0,0,-1,2,3,-2,5,-4,6,-3,3,2,-3,1
211207,,5,-3,-1,6,-4,0,4,-3,4,-4,2,-1,3,-4,-3,6,0,-1,1,-0,3,-2,-1,2,0,1,2,-4,-1,1,-1,3,-1,-2,-1,-4,4,-0,-3,6,-3,-3,3,-4,4,-1,1,-2,3,-3,5,-4,7,-3,4,-4,6,-3,2,-2,2,-2,1,5
211210,,0,2,-4,1,2,-2,2,1,-3,2,1,4,-3,2,0,1,2,5,-5,2,-3,4,2,-6,8,-5,12,1,1,-5,2,-3,-5,5,-3,2,5,-1,-7,1,7,-7,2,2,2,-2,-0,7,1,-0,3,0,-0,6,3,1,3,4,2,0,-3,3,1,-2
211211,,0,-1,1,3,-1,-1,1,0,-3,3,4,-3,0,0,-2,2,4,-1,2,2,1,-1,2,-0,1,-2,5,1,0,-2,-3,-2,1,-1,-1,0,1,0,-1,0,0,-0,4,-2,-0,2,-2,5,-1,2,3,1,5,-1,3,2,3,4,5,-4,0,5,2,-2
212709,,1,-0,-1,1,0,0,0,-0,0,-2,0,2,-1,-0,-2,-1,1,1,-1,1,-3,1,2,1,-0,0,2,0,4,1,0,-5,-2,-7,1,4,-2,1,1,4,-2,3,-1,1,3,1,-1,1,-2,-2,1,1,0,0,2,0,1,0,0,1,2,2,-1,1
212710,,-2,3,0,-3,-5,1,2,4,-2,-1,1,-0,2,-1,0,-4,2,1,3,4,0,-2,-0,-6,7,-2,-2,-4,3,-3,-1,-1,1,-0,1,-4,8,0,-0,3,-4,-3,-1,0,3,2,1,-1,1,-1,0,2,-2,1,-2,-1,4,3,2,-3,2,2,-1,0
212712,,2,-0,1,-3,-2,-0,-10,12,-1,-1,-14,4,-2,-1,2,-1,5,-5,7,1,-8,3,-6,-1,-1,0,-0,9,1,15,-3,-2,3,-8,-1,-3,5,1,-0,-0,0,-1,-0,2,8,1,-1,-2,-1,-2,-1,9,2,2,-1,0,1,0,-0,-1,-4,-2,-1,3
212715,,-1,-0,0,1,1,0,0,-1,0,1,-0,0,-0,2,-1,-2,-0,1,1,1,1,-2,1,2,0,-4,4,-3,1,-1,4,0,-2,4,-0,-3,0,1,0,8,-2,-3,0,-2,0,0,3,-5,3,-3,2,-0,1,-6,8,-0,-0,4,-7,4,5,0,0,1
212719,,2,0,-0,0,-0,0,-0,0,0,-0,0,1,0,0,-1,-0,1,-0,1,-0,3,1,0,-0,-0,-3,-2,-2,-2,0,-0,-0,0,-1,0,0,0,0,0,0,0,0,0,-0,1,0,0,0,3,1,0,0,-0,1,0,0,-1,0,0,1,1,9,8,2
212722,,2,-2,-4,-1,1,-3,1,-10,10,5,1,-2,-0,0,-5,1,3,-5,-1,4,-2,2,4,-1,2,-1,0,0,-1,-2,-0,-8,4,6,-1,1,2,0,-2,-1,0,1,-0,1,-4,4,4,0,-0,-3,3,0,2,1,-2,0,0,7,1,1,-3,0,1,0
212725,,2,0,2,3,1,-3,6,3,1,-15,-5,6,5,-3,3,7,-2,-2,-2,6,-7,-0,-5,12,3,2,1,-1,2,-3,-4,0,-1,-2,-8,10,4,-0,2,3,-1,-7,1,7,-1,-2,-4,2,0,-2,2,4,-0,0,2,-1,0,-2,-5,6,5,1,0,0
212726,,-5,4,3,-2,-1,1,-11,7,2,1,1,2,2,-4,2,0,1,-3,-1,0,-18,12,0,4,-0,-1,-0,3,2,-11,-1,14,-1,-5,7,-11,-2,-1,-1,1,1,-3,5,2,0,-3,3,-1,-1,-5,4,0,9,-1,0,2,0,1,2,0,5,0,4,-3
212732,,3,1,-2,2,2,-3,0,-0,-1,-3,1,1,0,-1,-2,1,1,-0,-0,-1,-2,-2,0,1,-4,1,7,0,-1,1,-4,1,-1,-7,1,5,-3,4,-1,4,-1,-2,-2,-0,2,-0,-1,3,0,-1,2,1,-0,-1,-2,1,-0,-2,-1,3,0,2,-1,2
212733,,-5,1,7,-7,-5,2,1,15,9,-2,-1,-5,-11,10,-3,-14,22,5,-13,12,8,-1,-1,-8,-1,9,-6,1,6,-5,-2,9,-1,1,-3,-3,1,3,-1,-3,0,4,-8,10,-1,5,-0,0,-1,4,-0,-2,5,2,-5,3,3,-2,-2,-2,1,4,3,-2
212734,,4,-7,1,-1,-11,1,12,-2,7,1,3,3,-11,3,0,-9,6,-3,-3,1,4,5,-4,5,3,-3,0,-4,3,-6,-3,2,6,4,-2,5,-2,2,-1,-4,-3,-3,-4,6,-0,2,-0,3,4,0,-0,-2,-2,-0,-1,2,6,-2,-2,4,2,2,-3,-2
212735,,,,,,,,,,,,,,,,,,,,,,,,,,,,,,,,,,,,,,,,,,,,,,,,,,,,,,,,,,,,,,2,0,1,0
212736,,,,,,,,,,,,,,,,,,,,,,,,,,,,,,,,,,,,,,,,,,,,,,,,,,,,,,,,,,,,,,4,2,0,1
212737,,,,,,,,,,,,,,,,,,,,,,,,,,,,,,,,,,,,,,,,,,,,,,,,,,,,,,,,,,,,,,5,-1,0,0
212504,,-0,4,-4,-5,7,-1,-2,3,-2,-1,0,0,3,-1,-3,2,-0,-1,1,5,-14,11,4,-2,-1,-4,3,-2,0,-1,-2,-4,-0,-7,-14,23,2,-2,-0,2,-2,2,-2,1,-0,-0,-1,2,-2,-0,-0,5,3,2,-0,1,7,-0,1,0,3,0,-1,1
212510,,0,2,-3,-0,0,1,1,3,-0,4,7,2,1,-1,-2,-4,-1,8,3,-2,-2,0,-4,6,0,-2,0,-14,4,1,-1,-5,-4,1,-2,2,2,-3,-1,1,-1,0,-0,0,1,0,1,1,-1,-1,-1,5,4,8,7,0,6,4,1,-3,11,2,0,0
212511,,-1,1,6,4,-4,0,2,1,1,8,1,3,2,-2,-1,-3,-2,-5,13,-21,28,4,-2,2,-1,-1,1,-3,-13,0,-3,-9,-2,3,-4,3,-2,0,0,2,-3,0,-1,-1,1,1,0,3,-0,-0,1,5,4,5,2,0,3,3,2,-1,9,0,3,0
212515,,-0,0,-0,-0,-2,0,-1,1,2,-2,-1,1,1,0,-1,-1,-1,-2,-0,1,-5,0,-0,2,0,0,3,2,-2,-1,-0,1,1,3,0,-2,0,-0,0,3,-2,-1,1,1,2,1,0,1,1,1,6,-1,-0,0,-1,2,3,0,0,1,2,3,2,-2
212518,,1,1,-1,-1,2,0,0,6,1,3,1,-1,1,-2,-4,4,0,1,-2,-3,-7,-3,4,1,-1,-4,3,0,-1,0,-4,-9,-2,-4,-1,1,0,-1,-1,3,0,-1,1,-0,1,-3,1,0,-3,-0,-6,10,1,7,1,1,-0,0,-9,12,4,0,4,12
212519,,-1,-0,1,-0,-2,1,3,-1,1,1,5,1,5,-2,-0,4,4,4,-4,-4,-13,1,1,3,-5,-0,8,2,0,2,-1,1,-2,0,-3,2,-0,0,0,2,0,0,-2,1,0,-2,5,0,-4,-0,3,1,3,-5,-0,1,-3,2,1,6,9,1,6,2
212520,,-2,1,1,-3,2,-1,1,2,0,0,-1,2,-1,-3,1,1,-1,0,2,-3,-0,-0,2,1,2,-4,-2,4,-1,-4,2,0,2,2,-2,3,-0,-1,1,1,-1,1,-1,2,-0,2,-0,1,0,-0,-2,2,0,-1,1,1,-1,1,1,2,1,0,-1,0
212527,,-4,-1,4,-3,-2,2,0,-6,8,-3,7,-6,10,-1,-0,-4,3,2,-2,1,-3,1,2,1,-0,-1,3,0,1,1,-4,4,-2,3,0,-0,0,-3,1,1,-2,-1,1,1,2,-0,-2,2,1,-2,1,1,2,-0,1,4,-1,-1,-0,4,-1,1,-1,1
212530,,2,2,-2,0,2,1,0,1,-0,4,1,1,2,-2,1,-3,2,4,0,0,1,0,2,-3,3,-2,-1,-1,-1,-1,2,-5,-0,-6,1,1,1,-1,4,-3,-0,-0,-3,-0,1,1,1,-0,-2,0,-2,5,3,5,2,4,2,8,0,-1,4,0,5,0
212531,,1,0,-2,-0,-1,-1,0,-0,1,5,1,-1,4,-3,0,-2,1,-3,-6,7,0,2,0,-1,2,-1,0,0,-1,-3,4,1,-0,1,0,2,-1,-1,0,1,1,-1,-9,1,8,-4,6,5,1,-3,4,-3,-0,-0,-2,4,7,-2,1,2,4,2,8,-1
212532,,2,1,-0,1,1,-2,-4,5,1,0,0,0,-0,1,-2,0,-2,1,-2,1,-7,-4,3,-2,2,0,2,-1,-3,-1,1,0,-0,-2,1,0,-0,1,3,0,-2,-1,0,1,0,-1,2,-3,1,2,2,0,0,1,2,2,-2,1,1,-1,8,7,4,0
212533,,-2,1,0,-0,-0,0,0,0,1,1,1,1,0,0,0,0,-2,1,-1,0,-0,0,0,-2,2,1,0,-1,0,0,1,-0,-2,2,-0,0,-3,3,-0,-1,2,0,1,-1,0,2,-1,2,0,-1,-0,3,1,0,5,2,4,0,3,-1,2,-1,1,0
212918,,-1,2,-0,-1,-1,-0,-0,-1,-0,-0,-3,0,4,0,1,1,-1,1,-0,-3,1,1,-1,1,2,1,0,0,-0,-1,2,-2,-1,1,1,-2,-1,2,-2,1,0,1,-1,1,0,0,-1,1,1,1,2,2,0,1,5,1,3,0,1,0,1,2,1,2
212928,,-1,-1,-0,-1,0,2,-1,-2,1,1,2,-1,-1,-0,2,-4,3,-0,-1,3,-1,2,1,-4,5,-1,4,0,0,0,0,1,1,-7,3,-5,2,-3,6,-0,-5,4,-4,4,1,-2,7,-7,8,1,-2,9,-3,6,1,2,1,-1,5,-14,13,-4,5,1
212933,,-5,2,1,-9,10,-5,4,1,-5,7,-5,8,-4,-1,-4,5,-6,-2,8,1,-6,6,-5,6,-4,6,-4,-4,1,4,-1,0,-5,-3,-3,10,-5,-1,1,-1,3,-2,2,2,-3,2,-5,8,0,-4,2,3,1,-1,1,5,-3,3,3,8,-2,3,0,-1
212809,,,,,,,,,,,,,,,,,,,,,,,,,,,,,,,,,,,,,,,,,,,,,,,,,,,,,,,,,,,,,,-1,1,0,2
211019,,1,-5,3,2,-2,-0,3,4,-7,3,1,-1,-3,2,2,-4,2,-3,1,5,-7,3,6,0,-1,-5,6,0,0,-3,1,-0,-4,5,-3,1,-2,-1,3,-1,-0,1,1,-2,-1,2,1,-1,4,-9,8,-1,8,1,-3,6,4,4,3,2,2,-4,7,-3
210414,,2,-1,1,-1,0,-1,-1,4,1,-2,6,1,-2,1,-0,0,1,-5,4,-2,-1,6,-0,4,-5,1,5,-0,3,-8,6,3,1,-3,-0,3,-1,-0,-2,-1,4,-1,0,1,1,-3,4,-3,4,1,-2,4,1,4,1,3,-1,9,7,1,2,1,1,1
212106,,7,1,-0,-1,3,-2,-3,5,-6,-2,7,-1,1,4,-5,0,2,-1,1,0,-3,-0,4,1,-2,2,-5,8,-0,-1,-1,1,-1,-1,0,-8,-0,3,1,-1,1,-3,2,1,6,4,0,3,1,0,3,-2,2,4,11,-1,-1,2,5,-0,1,-1,2,3
212107,,0,4,0,-4,1,1,-0,-1,-1,1,-3,5,-4,-3,5,-3,1,0,-1,-4,4,-1,-4,6,-6,5,2,-0,0,-1,2,-5,3,-2,-2,6,-6,1,3,0,3,-0,1,-3,0,-1,0,4,-2,1,3,-0,2,1,1,-1,-0,0,-3,5,-3,3,-2,0
210403,,-0,-1,-1,0,-1,-1,-0,-1,-0,-1,0,1,-0,-2,0,1,-0,-1,1,-3,0,1,1,-0,1,0,-2,-0,2,-1,2,-4,0,-3,-0,0,-2,2,-2,2,0,-0,1,1,0,3,1,0,-0,1,1,1,1,1,2,1,1,0,1,-0,3,3,0,4
210406,,1,-0,-0,-2,1,1,-1,-2,2,1,-2,0,-0,1,-2,-0,-1,1,-1,-2,-1,3,1,0,-0,1,0,-1,6,-2,-3,1,-1,-1,1,1,-0,0,1,1,1,-0,1,1,2,0,0,1,1,1,1,1,2,2,2,-0,2,0,-1,0,0,2,1,0
210416,,,,,,,,,,,,,,,,,,,,,,,,,,-1,2,0,-4,4,0,1,0,0,-2,-13,8,2,0,-2,1,-3,5,-1,-1,1,6,-4,3,2,2,1,2,-3,0,1,3,2,-2,4,0,3,-5,3,3
210506,,1,0,2,-4,3,1,-1,1,-1,-2,-1,2,1,-1,1,-3,3,-1,1,0,-0,-1,-2,5,-1,1,4,0,-0,-4,1,3,-0,-4,1,-1,0,-2,3,0,0,-0,2,-0,2,-1,5,1,2,1,1,2,1,1,0,0,1,-0,-1,-0,1,-1,1,1
210703,,-2,2,1,-3,2,-2,0,2,0,-0,-2,1,-2,1,-1,2,-1,1,-1,0,-1,3,1,0,0,0,2,0,1,0,-2,2,-2,1,-0,0,0,-0,0,-1,1,1,-2,5,-1,1,-1,0,-3,3,1,2,3,4,1,4,2,0,2,-2,3,5,3,2
210802,,-1,1,-3,-1,0,-0,-1,1,1,3,0,0,2,-0,-1,0,0,1,-1,2,3,0,1,1,2,-0,4,-3,-0,3,-2,2,-3,2,1,-0,-0,-0,0,-0,1,-0,1,-1,0,1,0,0,-0,1,0,2,1,1,0,0,2,2,3,0,1,1,1,1
210808,,-2,-0,-0,-1,-0,-0,1,-1,1,-1,-0,2,-1,0,-1,2,0,1,-2,2,-1,-0,0,1,-0,1,-1,0,1,-1,1,-1,-2,-1,-3,0,-0,-0,0,-1,1,-1,0,0,0,-0,0,0,1,0,1,2,6,3,-1,3,-1,0,1,2,2,2,3,0
210905,,-2,1,1,0,-2,1,-3,-1,-0,0,-2,4,-1,-1,-0,1,-0,0,-1,-2,1,0,-1,0,-1,2,0,0,1,0,2,-1,0,-1,0,1,0,-0,0,0,1,1,-1,2,-0,1,-0,1,2,1,1,4,3,2,1,1,3,3,-0,2,0,1,2,1
210910,,0,-0,0,-0,-0,-0,-0,-0,-0,-0,-2,2,-0,0,-1,-2,0,-0,-1,-4,-0,1,-1,0,0,0,1,0,0,0,-1,-1,-1,-1,-0,1,-0,0,-1,0,1,0,0,0,-0,1,2,1,1,0,3,3,2,1,2,0,2,0,1,1,1,0,1,1
210914,,,,,,,,,,,,,,,,,,,,,,,,,,-2,1,-1,-0,-2,-1,4,-4,0,-2,-1,-1,1,2,-0,-0,3,-1,1,0,3,2,-0,1,3,-1,2,-1,1,2,-1,-2,1,-0,5,1,1,2,1,2
211014,,0,1,1,-4,1,1,0,-2,-1,1,1,1,-1,-2,3,-0,-1,1,-0,-1,0,-1,3,2,0,-0,1,0,-2,2,-0,-2,2,-2,1,-1,2,-0,-3,4,-1,0,-1,1,1,-0,3,-0,-0,1,1,1,5,-1,2,1,0,1,3,-1,3,4,0,1
211025,,-2,-4,4,-4,3,-1,0,-1,2,-2,3,-2,3,-3,0,3,-1,2,0,1,-2,1,-2,6,-0,-3,-9,12,-1,-2,2,-1,-1,3,-2,0,-1,0,-0,-3,0,-2,1,-1,1,-0,5,3,-0,-0,1,1,-0,3,2,-4,5,-5,6,1,-1,2,1,1
211816,,0,0,-0,-0,0,-4,0,-0,3,1,-0,1,-0,-1,-0,-0,2,-0,0,-1,1,-0,-0,0,0,0,-3,3,1,1,-0,1,-1,-0,2,1,-3,-1,3,2,1,2,-1,1,1,-2,1,-1,0,6,1,0,-1,2,-2,2,2,2,1,-0,2,2,1,-1
212940,,-10,4,-6,4,-5,-3,13,-17,1,15,-3,3,-12,-1,14,0,-11,-1,3,-5,18,2,-11,10,-17,7,1,3,-8,-3,19,-10,2,12,-11,-5,3,3,-3,0,-1,2,1,-1,0,3,3,-5,8,0,1,-2,7,-3,7,3,3,2,3,-3,2,3,-1,0
212309,,0,-2,1,-1,3,-4,1,1,-1,-0,-0,2,-1,-1,1,1,0,-1,-2,3,1,-4,1,2,1,-4,2,0,1,0,-1,-3,2,-3,-1,0,-3,-2,5,2,0,-4,2,-0,2,-0,1,1,0,-2,0,1,3,-0,3,0,-4,1,4,-1,1,1,3,0
212310,,1,1,-1,-1,-0,-2,2,2,1,1,2,0,3,-0,-4,3,3,2,-0,-3,-8,-1,3,1,2,-4,0,-1,-2,-0,-4,-3,-3,-5,-8,6,-2,-0,-0,-0,-1,-2,-1,0,0,-0,-0,0,-0,-1,1,3,5,7,1,2,1,1,-2,1,4,0,2,-1
212311,,-1,0,-1,0,-0,-2,-1,1,1,1,3,0,-1,-1,1,1,1,-3,0,-1,-17,3,7,2,4,-7,-0,-5,-1,-0,2,-3,-2,-5,-3,1,4,2,0,-2,-2,-0,1,0,0,-3,3,-0,-3,-1,-2,0,1,3,0,3,1,-0,0,1,-1,0,2,1
212409,,-0,0,0,-1,1,-0,1,-1,1,-0,0,1,1,0,-4,1,3,0,0,0,-1,-2,4,-1,-2,-0,-0,0,-2,1,-2,4,-1,-3,2,0,0,-3,2,1,-6,-3,1,-6,-0,0,5,2,1,0,-1,1,-0,2,2,2,0,1,2,4,2,2,0,0
212535,,3,1,-2,-2,0,-0,-1,0,0,2,0,2,0,-1,1,0,-3,3,1,0,1,-4,2,0,1,-0,1,-2,-1,0,2,0,-2,-3,-2,2,-1,0,-1,1,0,-1,0,-0,-0,0,-1,2,1,-1,-3,4,0,1,1,1,0,-0,1,1,0,-1,0,2
212923,,-7,5,7,-6,0,6,-6,-1,-4,10,-2,-5,2,8,-8,1,-0,5,2,-4,-1,-2,5,-1,1,-4,10,-1,-2,-8,8,-6,2,8,-8,-1,-5,4,7,-1,-1,1,-1,0,-2,6,2,-1,2,-8,11,-2,2,7,1,0,10,-0,-1,3,7,-3,9,1
212930,,0,-0,2,-2,-1,0,-0,-0,-2,6,-3,1,1,1,-2,0,-1,-3,3,-5,5,3,-7,3,-6,12,-2,-4,-2,7,-1,-9,2,2,-2,-3,7,-5,4,-8,-0,3,-1,-2,-1,6,-1,-2,1,6,5,4,5,1,-2,2,6,4,2,4,-2,0,9,2
212601,,8,-11,6,7,-3,-2,3,-4,1,-2,5,-4,9,3,-9,2,-3,6,3,-8,4,2,-5,-2,5,-2,12,0,0,0,-5,-2,-1,2,-9,-1,1,6,4,3,1,0,1,-1,0,1,2,4,1,-1,-4,-1,3,0,1,0,5,1,2,3,3,0,1,8
212603,,8,-5,6,-1,-3,3,-0,0,-2,4,1,-7,5,2,1,-1,1,1,-4,5,3,0,0,1,-0,1,0,0,-1,0,0,0,0,-0,0,-0,-1,-1,1,1,0,-0,-0,1,1,1,10,0,0,1,0,0,11,1,5,0,2,2,2,2,8,0,1,0
212608,,1,-0,0,-1,0,-3,-1,4,1,-0,0,-0,1,1,-1,1,-0,-0,0,-0,0,0,-0,0,1,-0,-1,-1,1,-1,2,0,0,-0,-0,0,0,0,-0,1,3,0,1,-0,0,-1,2,0,1,0,0,2,1,8,6,1,1,0,1,0,1,1,2,4
212613,,,,,,,,,,,,,,,,,,,,,,,,,,,,,,,,,,,,,,,,,,,,,,,,,,5,3,-1,1,1,2,2,2,1,4,4,-2,0,-2,1,3
212806,,-0,-1,-1,-3,5,-2,-3,1,3,-0,-4,2,1,-6,3,-3,7,-4,3,1,-1,-1,2,2,-0,-3,1,3,-1,-2,2,-0,-1,3,0,-1,1,-2,1,1,-0,1,3,-3,3,0,-2,4,1,0,0,-1,0,0,1,-1,1,1,-2,1,4,0,2,2
212807,,-0,1,-1,0,-0,0,1,-1,1,-1,1,1,0,-0,0,-1,-1,-1,1,1,-0,0,0,-0,0,-0,0,0,0,-0,-1,1,1,-0,1,0,-0,0,0,0,0,-0,0,-0,0,0,1,0,4,2,0,0,0,1,3,4,-0,-1,0,-0,0,4,1,1
212808,,-2,1,-5,-0,-1,-1,2,0,-0,0,-0,1,0,-1,0,2,-0,1,0,0,0,1,1,0,-0,-0,0,-5,4,0,-4,1,-0,1,-2,-1,-1,1,-0,-1,1,1,1,0,1,-0,1,0,-2,3,1,-2,2,1,1,-1,2,-1,2,-1,2,1,1,2
212905,,-0,0,-1,1,0,-0,1,-0,-0,-1,0,1,0,-3,5,1,1,0,0,1,-10,8,1,3,0,0,-0,0,-2,1,2,-1,0,-0,-2,3,-0,-3,4,-4,1,-1,5,0,1,-0,-2,3,1,2,-2,-0,1,-0,4,1,1,5,-2,3,0,1,4,5
211409,,,,,,,,,,,,,,3,-2,2,-3,-0,1,-0,-2,0,3,1,-3,2,2,4,-1,2,-1,-4,-0,3,1,0,-2,1,1,-1,-5,7,-2,-0,1,-4,8,0,-4,1,-0,3,-2,-1,4,-0,-1,3,2,1,-2,-3,5,1,-2
210201,,-1,1,-3,-1,-5,-1,-0,-1,-0,1,0,-0,-0,-1,0,0,-0,-0,-1,-0,-0,1,-0,1,-1,1,0,1,1,3,-4,-0,0,-4,0,-0,-9,-1,-1,-2,3,-2,1,0,0,0,-0,1,3,3,2,4,6,6,0,1,-1,2,-1,1,3,-1,7,-1
210204,,-5,4,-8,0,-0,1,-2,-1,-1,-1,2,-3,3,-2,5,-5,0,3,2,-7,7,-0,1,-5,2,9,-1,-1,0,1,-2,-3,0,-3,-0,-3,-0,2,-1,-0,1,0,2,-1,5,5,8,-3,7,0,1,5,6,0,1,1,4,4,1,-2,1,0,-1,-2
210212,,4,1,3,-4,5,1,-4,4,-6,8,-4,3,1,-3,-1,4,-2,-2,5,1,-6,5,3,-0,-1,5,-2,1,12,-8,-5,0,-2,-3,4,0,-1,1,0,2,-1,1,0,-0,-0,2,1,1,3,-1,1,0,1,3,2,-1,4,2,-1,0,1,-1,1,1
210217,,2,5,-1,5,-10,10,-4,-2,7,-4,4,-8,6,-5,0,1,-2,3,4,-6,3,-2,1,-3,-5,7,1,-1,0,-1,-4,-6,-8,12,-7,1,1,-0,1,-4,4,-2,-1,3,-1,-1,1,-1,2,-1,-1,-1,1,1,1,-2,-2,3,-1,4,4,4,4,2
210218,,,,,,,,,,,,,,-5,-2,4,5,-2,1,1,-6,9,-5,7,-4,-9,4,0,10,-6,-5,7,-0,-2,-1,8,-2,-2,1,-2,-1,-1,6,-5,3,2,-5,3,2,1,-3,1,-0,-1,1,2,2,-4,3,4,1,1,0,1,4
210221,,,,,,,,,,,,,,,,,,,,,,,,,,,,,,,,,,,,,,0,1,-1,-3,4,-4,5,-3,2,1,4,-1,-1,-0,1,0,2,4,-1,2,9,2,1,1,0,2,3,4
212101,,-1,1,-0,0,-1,2,0,0,-1,0,0,-0,1,0,-1,-0,0,-0,0,-0,-1,0,1,2,0,-2,0,-1,1,0,-0,-0,-2,-0,-0,1,-0,-2,1,-0,0,0,0,0,1,0,1,1,2,0,0,0,-1,0,1,-1,7,9,16,3,0,3,4,2
212202,,-0,0,-0,0,0,0,0,0,0,0,-0,1,2,-2,2,-1,1,1,-0,0,0,1,-1,0,1,0,-2,2,1,1,1,1,-0,-2,0,-0,-0,-1,1,-1,1,-1,0,-1,0,-0,0,0,0,-0,0,0,1,1,-0,0,-0,1,1,0,3,3,1,0
212211,,-1,1,-0,-2,2,0,-1,1,1,0,-0,-1,1,1,-0,-0,0,1,-0,0,-0,1,0,-1,1,0,-2,-1,-0,0,2,1,-0,-1,-0,-0,-0,0,0,1,1,-3,2,-0,-0,-1,2,0,0,0,0,-0,2,-0,0,-0,1,2,0,0,2,2,2,1
212214,,0,1,-1,-0,2,-0,0,-1,1,1,-2,1,2,-2,2,-1,0,-0,-0,1,-0,-0,1,-1,1,0,0,-0,2,-0,-2,1,-0,0,-1,-0,-0,0,1,-1,0,1,-0,-2,2,0,-1,2,-2,2,1,0,1,1,-0,-1,-0,2,-0,0,0,3,1,0
212217,,0,0,1,0,0,-2,-0,1,0,0,1,0,1,-0,-1,-0,0,0,0,1,0,0,0,1,-1,1,-1,1,1,0,1,-0,1,-1,0,-0,-0,0,0,1,2,1,0,0,0,1,1,0,0,0,2,2,0,2,1,1,2,2,1,0,2,1,2,0
310102,,0,0,1,0,0,0,-0,0,-1,0,0,-0,0,0,1,0,-0,0,0,0,0,0,0,-0,0,0,-0,0,0,3,-2,0,-0,-0,-0,-0,0,0,0,0,0,0,0,0,2,-1,-0,-0,0,2,1,0,-0,1,0,-1,1,2,0,-2,4,1,1,0
310104,,0,-0,1,0,0,0,0,0,0,0,0,-0,0,-0,1,0,0,0,0,0,0,0,0,0,0,-0,-0,0,0,3,-1,-0,0,-0,1,-0,0,0,0,1,0,0,0,0,1,1,0,-1,0,1,2,0,0,0,1,-1,0,0,1,-1,3,1,1,1
310109,,0,0,0,0,0,0,0,0,-0,0,0,-0,0,0,0,0,0,0,0,0,0,0,0,-0,0,0,-0,0,0,2,-0,0,0,-0,1,-0,0,0,0,1,0,-0,0,0,1,1,0,0,0,1,1,0,0,-0,0,0,0,1,1,-1,3,1,1,0
310110,,0,0,1,0,0,0,0,0,0,0,0,-0,0,0,0,0,0,0,0,0,0,0,0,-0,0,-0,-0,0,0,1,-0,0,-0,-0,-1,-0,0,0,0,1,0,0,0,0,1,0,0,0,0,1,2,0,0,0,1,0,0,2,1,0,2,1,1,1
310111,,0,0,0,0,0,0,0,0,0,0,0,-0,0,1,0,-0,0,0,-0,0,0,0,0,0,-0,1,-0,0,0,1,1,0,-0,-0,1,-0,0,0,0,2,-0,-0,0,0,1,-1,1,-0,0,2,2,0,0,-0,1,0,0,1,1,-0,2,1,1,0
310114,,0,0,0,0,0,0,-0,0,-0,0,0,-0,0,1,0,0,0,0,0,0,0,0,0,-0,0,0,-0,0,0,2,0,-0,0,-0,-0,-0,0,0,0,1,-1,-0,0,-0,2,0,0,-1,0,1,2,-0,0,0,0,0,0,1,1,-2,4,1,1,1
310301,,0,0,1,0,0,0,0,0,0,0,0,-0,0,1,0,0,0,0,0,0,0,0,0,0,0,0,-0,0,0,2,-0,-2,-0,-0,-0,-0,0,0,0,-1,1,3,1,0,1,-16,-0,-1,1,9,2,0,1,0,0,-5,0,8,1,-7,8,1,1,1
310302,,0,0,0,0,0,0,0,0,-0,0,0,-0,0,0,1,0,0,0,0,0,1,0,-0,0,0,0,-0,0,0,2,-0,-3,-0,-0,-2,-0,0,0,0,1,0,3,1,1,1,1,1,1,0,1,2,0,0,0,1,0,1,1,1,-0,2,1,1,1
310306,,0,1,1,1,-0,0,0,0,-1,0,-0,0,0,0,0,0,0,0,0,0,0,0,0,0,0,0,-0,0,0,2,-13,14,1,-0,0,-0,0,0,0,1,1,0,-0,0,-2,0,1,0,0,0,1,0,0,-0,0,0,0,0,0,0,2,0,0,0
310307,,0,0,1,0,0,0,0,0,-2,0,0,-0,0,0,0,0,0,0,0,0,0,0,0,0,0,0,-0,0,0,2,-0,-4,-1,-0,-4,-0,0,0,0,1,0,5,1,1,2,-0,1,1,0,1,2,0,0,0,1,0,1,1,1,-0,2,1,1,0
310315,,0,1,0,1,0,0,0,0,0,0,1,0,0,0,0,0,0,0,0,-0,0,0,0,0,0,0,-0,0,0,1,-0,1,0,-0,7,-0,0,0,0,2,0,0,0,0,0,0,0,0,0,0,1,0,1,0,0,1,0,0,1,0,1,0,1,1
310316,,,,,,,,,,,,,,,,,,,,,,,,,,0,0,-0,0,0,2,0,-4,0,-0,-4,-0,0,0,0,1,1,3,1,1,2,-7,-0,-1,0,10,2,0,1,0,1,0,1,1,1,-6,8,1,1,0
220301,,0,0,1,0,0,0,0,0,1,1,0,0,1,0,1,0,0,0,0,1,0,0,0,0,0,0,-1,-1,2,2,-0,0,0,0,0,0,0,0,0,0,1,0,0,1,1,1,1,1,1,1,4,3,1,1,1,1,2,0,1,1,1,1,1,1
220303,,1,-0,1,-0,0,-2,2,0,0,-0,0,0,0,-0,1,0,1,-0,0,-0,-0,2,0,1,1,1,2,-0,-0,-0,-1,0,1,1,-1,0,0,1,0,0,-1,-0,-0,0,1,1,1,2,0,1,1,0,2,1,0,0,2,0,0,1,1,1,1,1
220305,,0,1,0,0,0,0,0,0,0,0,0,0,0,0,-0,0,0,1,0,0,0,-0,1,1,0,0,-0,-2,2,1,-3,1,0,-0,2,-0,0,-0,1,-0,1,-0,0,0,2,1,0,2,0,0,2,1,1,1,1,0,1,1,0,0,0,0,1,1
220316,,-0,1,-0,1,-0,1,0,0,0,0,0,1,-1,0,0,1,-0,0,-0,0,-0,1,0,-0,0,0,7,-0,-0,1,-6,0,0,2,0,1,0,0,0,0,-1,0,-0,0,0,-0,0,-0,-0,-0,2,1,1,2,0,0,2,1,1,1,1,2,2,0
220318,,0,-0,0,-0,0,0,1,0,-0,0,0,0,0,0,0,0,0,0,1,0,0,0,0,0,0,0,3,-1,-0,0,-3,1,0,0,0,1,0,-0,0,-1,1,0,0,0,0,1,0,0,0,0,1,2,1,0,1,1,0,0,1,0,0,0,1,1
220319,,0,0,0,0,0,1,0,-0,0,0,0,0,0,0,0,0,0,0,0,0,0,0,0,1,0,0,2,-1,1,0,-0,0,-0,2,0,0,-0,0,-0,-1,1,1,0,0,1,0,1,1,0,0,1,1,1,1,1,0,1,1,1,0,0,1,1,0
220320,,1,0,2,1,0,0,0,0,-0,0,0,0,1,0,-0,1,0,-0,-0,0,0,1,-1,2,2,0,1,-0,3,-1,-2,-0,1,0,0,-0,1,0,-1,-1,1,-1,0,0,0,0,2,1,3,-0,1,1,1,0,0,1,2,2,-0,0,1,1,0,0
220321,,0,0,0,0,0,0,-0,0,0,1,0,0,0,0,0,0,0,0,0,0,0,1,0,0,0,0,-0,-3,4,0,-5,1,1,-1,2,-0,1,-1,2,1,0,-0,-0,0,1,2,1,0,0,1,2,1,2,0,0,1,0,1,1,0,0,1,1,2
220323,,0,0,0,1,0,1,0,0,0,0,0,1,0,0,0,0,0,0,0,0,0,0,0,0,0,0,2,-0,0,0,0,1,0,0,0,1,1,0,0,-1,1,0,0,0,1,0,1,1,1,1,3,1,2,1,1,0,1,1,0,1,1,0,1,1
220326,,0,0,0,0,1,0,1,1,1,0,1,0,0,0,1,1,0,0,0,0,0,1,0,0,-0,0,1,2,1,0,-3,0,0,2,1,-0,1,0,-0,-0,0,-0,1,0,1,0,0,1,0,1,2,3,1,1,1,0,2,1,1,0,1,1,1,1
220327,,0,0,0,-0,0,-0,2,1,0,0,-0,0,1,0,0,0,0,0,2,0,0,0,-0,-0,-0,1,0,-1,2,2,-1,0,-0,-1,0,1,0,-1,0,0,0,1,0,0,-0,0,0,3,0,1,0,1,3,0,1,0,3,1,0,3,1,0,1,0
220328,,,,,,,,,,,,,,,,,,,,,,,,,,0,0,5,1,-1,-2,-5,4,0,0,0,-0,1,0,0,0,1,0,1,0,1,0,1,1,1,0,3,2,1,1,3,2,1,1,2,0,1,1,1,0
220107,,0,0,1,0,0,0,0,0,0,1,0,0,0,0,1,0,0,0,0,0,0,0,0,0,0,0,2,-0,-2,-0,-16,18,1,-0,1,-0,0,0,0,-0,0,-1,0,0,3,0,0,-0,0,1,3,1,1,1,2,-0,1,1,0,-0,3,0,1,1
220116,,0,0,1,1,0,-0,0,0,0,0,0,-0,1,0,0,-0,0,0,0,0,0,0,0,-0,1,0,-0,0,0,1,-16,13,1,-0,2,-0,0,0,0,-1,0,0,0,0,2,0,1,0,0,1,2,0,0,0,0,0,0,1,1,-8,9,1,0,1
220117,,0,0,1,0,0,0,0,0,0,0,0,0,0,0,0,-0,0,0,0,0,-0,0,0,0,1,0,-0,0,0,0,-18,14,1,-0,0,-0,0,0,0,0,-1,0,0,0,2,0,1,1,0,0,2,1,0,0,2,0,0,3,0,0,2,1,1,0
220120,,0,-0,0,0,-0,0,0,0,1,1,0,-0,-0,0,1,-0,-0,-0,0,0,1,1,0,0,-0,0,-0,0,0,1,-18,15,1,-0,4,-0,0,0,0,-0,7,0,0,-0,2,1,0,1,-0,0,3,2,1,1,2,-0,2,-0,0,0,0,0,1,1
220121,,0,0,0,1,-0,0,0,0,0,0,0,0,0,0,0,0,-0,0,0,0,0,1,0,0,1,-0,-0,0,0,1,-16,16,1,-0,1,-0,0,0,0,0,3,-0,-0,1,1,1,0,-1,1,1,2,0,1,-0,1,0,1,1,1,1,1,0,1,0
220122,,0,0,0,0,0,1,0,0,0,0,-0,0,1,0,0,0,-0,0,0,0,0,0,0,-0,1,-0,2,-0,-2,-1,-14,15,0,-0,1,-0,0,0,0,3,0,-1,-0,0,1,1,1,-0,-0,1,3,0,1,1,0,0,0,1,1,0,1,1,2,1
220124,,0,0,-0,0,-0,0,0,-0,1,0,-0,0,0,0,0,0,0,0,0,1,0,1,-0,0,1,-0,-0,2,-2,2,-13,11,1,-0,1,-0,0,0,0,3,0,0,0,1,1,1,0,1,0,2,2,0,1,0,2,1,1,1,0,1,1,1,1,2
220125,,0,0,0,0,0,0,0,0,0,0,0,0,0,0,0,0,0,0,0,0,0,0,0,0,0,0,-0,0,0,1,-16,13,2,-0,1,-0,0,0,0,0,-0,0,0,0,2,0,1,0,0,0,1,0,0,0,1,0,0,1,1,0,2,1,1,1
220128,,0,-0,0,0,0,0,0,0,0,0,0,-0,0,0,0,0,0,0,0,0,0,0,0,0,1,-0,2,-0,-2,1,-14,14,0,-0,2,-0,0,0,0,4,-0,0,1,-1,1,1,1,0,1,0,2,1,0,1,1,1,1,1,1,1,1,1,2,1
220310,,0,0,1,0,0,-0,-0,0,0,0,0,0,0,0,0,0,0,0,1,0,0,-0,0,0,0,0,-0,0,0,1,-13,15,1,-0,-0,-0,0,0,0,1,1,0,0,0,0,0,0,0,0,0,1,0,0,0,0,0,1,2,1,0,1,1,0,0
220209,,0,0,0,1,0,0,0,-2,0,0,0,0,0,0,0,1,0,0,0,1,0,0,0,0,0,0,-2,1,0,1,0,1,0,0,0,-0,-0,0,0,0,0,0,0,1,0,0,0,1,0,0,0,1,0,0,0,1,0,0,0,1,0,0,0,1
220210,,0,0,0,1,0,0,0,2,0,0,0,0,0,0,0,1,0,0,0,0,0,-0,0,1,0,0,-2,1,0,2,0,-1,0,0,0,0,-0,0,0,0,0,0,0,1,0,0,0,0,0,0,0,1,0,0,0,2,0,0,0,1,0,0,0,0
520138,,0,0,0,0,0,0,0,0,0,-1,0,1,-0,0,0,0,0,0,-1,0,0,-0,0,-0,-0,0,-1,1,0,0,-1,0,0,-0,1,-1,-0,0,0,1,-0,-0,0,-0,-0,0,0,-1,0,-0,0,0,-0,0,1,-0,0,0,1,0,0,1,0,1
520139,,-0,0,0,0,0,0,0,0,-0,0,0,0,0,0,0,0,0,0,0,-0,0,0,0,0,0,0,-5,-10,12,0,3,1,0,-1,-1,0,-1,-1,1,1,1,0,0,-0,-0,0,-0,0,0,-0,0,-0,-0,1,0,0,0,0,0,0,0,1,-1,0
520235,,-3,-5,-5,-3,1,0,-4,-1,12,6,2,0,-9,-1,-3,-3,-0,0,-0,2,10,3,2,-1,2,-8,-4,1,-1,-2,3,-0,5,2,0,-0,0,-2,-2,-1,-1,-1,0,1,0,4,1,-6,1,0,-0,-8,-0,-2,8,2,5,2,2,-1,2,0,-4,2
520242,,0,-0,0,-0,-0,1,-1,1,-1,0,-0,-0,0,1,0,-0,0,-0,1,-1,-1,1,0,0,2,3,1,-1,1,0,-1,-2,-1,4,-3,-0,-2,3,1,2,0,0,0,-0,-2,-0,0,-1,0,1,2,-1,0,1,3,3,-0,0,3,7,0,4,1,1
520251,,4,2,2,0,0,0,0,-0,-2,-4,-1,1,2,5,2,0,0,-1,2,0,-4,0,-3,-3,5,5,-2,0,5,-1,-2,-1,-2,0,-8,2,1,3,3,-1,2,-0,0,-3,-0,-2,-0,2,0,3,1,1,1,0,2,-0,-4,2,-0,2,6,-4,3,-1
520213,,1,0,-0,0,-0,0,-1,1,1,-0,1,-0,0,1,-0,-0,1,-3,3,-1,1,0,9,-8,-1,1,-0,1,-0,0,0,1,-0,-0,-1,-2,-1,-1,1,-1,0,-2,2,-1,-0,-0,-0,-0,1,2,2,1,2,1,5,2,-0,3,1,1,-1,1,0,-2
520216,,7,-4,0,1,2,-3,0,3,-0,2,-2,4,-4,-1,-1,1,-0,-1,3,2,-4,1,-9,8,4,-3,2,-2,-1,1,-5,-8,-0,-0,5,-1,2,-5,0,-1,5,-5,5,-6,2,3,-1,2,-0,3,-2,2,2,2,0,-0,1,-3,4,-2,0,0,4,4
520223,,0,-0,2,-4,2,2,-3,2,0,-0,1,0,-1,2,0,0,1,-5,5,-1,2,1,1,0,-1,2,-3,4,-0,-1,0,1,2,-1,1,1,-1,1,-1,-0,1,0,-1,1,0,0,-0,-13,-1,1,21,0,3,-2,1,3,1,-0,3,-1,1,0,3,1
520226,,-2,2,-3,0,1,-2,-4,2,-1,2,-5,17,1,-2,4,-1,-4,5,-1,2,-1,-1,-13,16,-5,6,2,0,-7,1,-2,-2,5,1,-10,10,-3,4,-6,5,-4,7,-6,-0,8,-6,6,-2,1,4,-4,-2,3,1,-1,7,1,-5,5,4,-2,3,-5,3
520236,,4,-4,3,0,1,-1,0,-1,2,-1,-0,-1,1,-1,-1,0,0,-1,1,1,-1,1,-0,1,-2,1,1,2,-1,-1,0,0,0,-1,0,0,1,-1,0,0,-0,0,-2,2,1,0,-3,0,5,-1,1,-0,1,1,-1,0,2,-0,-0,2,-1,0,4,2
520237,,-1,1,1,-1,0,2,0,1,-3,3,-0,-1,2,-3,1,2,-1,1,0,-1,0,-0,0,1,2,-1,-1,2,-1,-2,2,1,-2,4,-2,-1,1,-1,1,-1,-0,-1,2,-0,2,-1,-0,-1,2,1,1,-1,3,-1,0,3,0,-0,3,1,0,-1,2,-5
520241,,-2,2,-0,-1,0,0,0,-1,1,-1,-0,1,-0,-1,0,0,-1,1,1,0,1,-0,0,0,-1,-1,1,-1,-1,2,-2,1,0,-1,0,3,1,1,1,-0,0,-1,-1,-0,3,-1,0,0,0,1,-2,-0,2,-1,0,0,0,-1,1,0,1,0,1,1
520243,,-1,-1,2,-2,1,2,-2,0,-0,-1,0,1,-1,0,-0,0,1,1,0,-2,2,-0,3,0,1,-0,-2,4,-0,-2,2,0,2,-2,1,-0,0,-0,-1,2,0,-1,0,-0,-0,-0,-0,1,-0,-1,3,-1,1,0,1,-0,-2,-0,2,-0,0,1,3,0
520247,,-0,0,-1,1,4,-7,-0,-4,2,3,-7,7,3,-7,5,-3,1,-2,6,-5,3,0,-4,5,-1,-1,2,0,1,8,-2,-7,4,-3,-10,2,4,-3,-2,2,1,1,-1,-2,-1,2,-3,4,-6,6,1,-2,3,-2,2,-3,8,-1,3,-1,5,-2,4,-3
520250,,3,-1,-4,3,2,-1,2,-1,-1,1,0,-1,-2,-0,-1,-1,2,2,1,-3,6,2,2,1,0,-1,-2,2,1,-2,2,0,-1,0,1,1,-2,-0,2,-2,1,0,-1,1,1,-2,2,-1,-1,2,-1,2,4,0,0,0,0,0,1,-0,0,-1,1,1
520254,,,,,,,,,,,,,,,,,,,,,,,,,,,,,,,,,,,,,,2,-1,-2,1,-0,-2,3,-1,-2,-1,1,-0,-3,2,-3,5,1,1,0,-3,1,-1,-3,2,-1,2,1,-6
520255,,,,,,,,,,,,,,,,,,,,,,,,,,,,,,,,,,,,,,,,,,,,,,,,,,,,,,,,,,,,,,-1,-2,-1,6
430211,,2,-0,1,-1,0,-1,1,1,-0,3,0,-4,4,1,-2,2,-1,-2,1,1,-1,2,1,-6,5,-1,-1,5,-3,1,-1,0,-1,2,-3,-1,3,-1,-0,0,-2,3,2,2,2,-1,1,-2,2,-0,-2,3,2,-1,-0,1,2,2,1,-4,4,1,0,0
430216,,3,-1,-2,1,3,-5,3,4,-2,2,-1,-6,5,2,-5,2,-0,-5,5,4,-6,4,0,-5,2,-1,-4,7,-2,-1,2,-2,-0,1,-2,-3,3,0,0,1,-0,-3,2,1,2,0,0,-4,6,0,1,1,-1,-0,1,1,2,1,1,-4,3,-1,1,-1
430224,,3,2,-2,1,-3,-0,3,-3,1,2,-1,-4,1,2,-1,3,-0,-3,1,1,-3,5,-0,-6,3,-0,-8,4,1,1,4,-4,-0,5,-3,2,2,-1,-0,-1,2,-2,2,0,1,1,0,-4,5,2,-0,0,0,1,2,-2,1,3,-0,-3,3,-2,1,1
430233,,0,1,-4,2,1,-2,-1,2,-1,0,1,1,-0,1,1,-0,-0,1,-1,2,-1,-0,1,-1,-1,1,4,0,-3,0,-1,2,-1,3,1,-1,4,0,-3,5,2,2,-2,3,-3,2,1,3,2,-5,5,-2,5,-3,3,-1,-1,3,2,3,2,-3,-2,3
430234,,1,1,-1,1,1,-1,0,0,0,1,-3,2,-2,3,-0,-0,1,-1,-2,3,-2,3,1,-1,-1,1,-1,2,2,-4,2,-1,0,1,2,2,1,2,-2,1,2,-2,2,1,-3,1,2,-1,2,3,-0,-0,4,-3,2,1,-2,3,-1,4,1,-1,-2,4
430235,,0,-0,-1,-2,-1,-2,3,1,0,2,-0,-1,1,1,-2,0,1,-2,2,2,-2,2,-2,0,1,0,-1,2,-0,-1,-1,2,-1,-1,2,-1,1,-0,0,-1,1,-1,1,1,-0,0,1,-3,2,1,-3,3,-1,-1,2,2,1,0,4,-0,1,0,-3,3
430237,,,,,,,,,,,,,,,,,,,,,,,,,,,,,,,,,,,,,,7,4,-4,1,5,2,-0,0,1,4,1,-4,8,2,-5,7,-2,3,-1,-1,4,-1,6,-2,-1,3,0,-2
430425,,,,,,,,,,,,,,-2,4,-3,2,0,-3,4,2,-3,6,-3,-2,1,1,-6,2,4,2,-1,-1,1,1,-1,1,1,-1,-5,5,1,-1,0,0,-2,5,3,-1,3,-1,-0,4,-0,1,1,0,1,-2,-2,-3,3,1,1,1
430422,,-1,-1,1,-2,-1,-1,3,1,-0,1,1,2,1,0,-0,1,0,-3,-1,-0,0,0,-0,-4,0,1,-5,0,-0,3,1,-0,1,2,-3,-2,1,0,-1,1,-1,1,0,0,1,2,-1,4,3,1,-1,0,0,2,-2,3,3,-0,-1,0,4,-2,2,1
520118,,1,-0,-1,1,-1,-3,4,2,-1,0,-0,-4,1,-1,0,-0,-0,-2,-0,1,-4,2,1,-4,3,-2,-3,2,3,-3,0,2,-4,-1,1,0,0,2,0,-0,0,0,3,0,1,4,1,1,-1,3,0,1,-0,-1,1,-0,-0,2,-6,-5,1,-1,1,-1
430509,,3,-4,-4,23,-16,0,-11,0,-1,-0,3,-5,-4,5,-1,-5,5,-0,-5,5,-4,-1,-0,5,0,0,0,2,-0,-0,-1,-1,4,-5,-4,-0,2,-4,3,-1,3,-4,3,-4,-0,4,-1,2,0,0,12,0,-3,3,2,5,3,1,2,-5,4,6,0,4
430529,,2,2,-3,-2,-1,-1,0,-1,-0,1,1,-1,2,-0,2,0,0,-0,0,-1,0,0,1,2,3,-5,-1,-1,0,0,0,-3,0,-1,-0,1,-0,-0,0,0,-0,0,1,1,0,0,2,1,2,1,1,-2,-0,2,2,1,7,1,-0,2,0,5,3,2
430533,,1,2,-4,6,-2,1,2,-2,-1,4,-2,2,-3,4,-2,-0,1,2,-5,5,3,-2,-0,0,1,-1,4,0,-5,-4,3,2,4,-2,2,1,1,-1,-1,1,0,2,1,1,-3,2,-1,1,-1,3,1,11,1,4,-0,5,2,4,0,-2,3,2,0,0
430540,,,,,,,,,,,,,,3,5,-1,-5,4,0,2,-3,-0,3,1,-7,1,5,-5,3,2,4,-7,-1,-1,5,5,-6,3,-2,0,-1,4,-1,-0,7,-6,6,-1,0,3,5,3,-1,-1,3,5,-4,5,4,2,-4,4,-1,-1,5
430542,,,,,,,,,,,,,,,,,,,,,,,,,,,,,,,,,,,,,,,,,,,,,,,,,,1,-1,5,-2,0,1,2,-3,0,-2,6,3,4,3,-1,1
430543,,,,,,,,,,,,,,,,,,,,,,,,,,,,,,,,,,,,,,,,,,,,,,,,,,0,1,0,1,2,1,0,1,2,5,0,1,1,1,0,0
430507,,-0,-1,-1,-2,3,-2,1,1,0,0,-0,0,2,2,-1,-2,1,-0,-1,-2,2,2,-1,-2,2,0,-3,-0,0,1,0,-4,-2,2,-6,-0,-0,3,-0,-3,1,1,0,1,-3,3,0,4,1,3,0,2,1,1,5,-0,-1,2,-3,2,0,6,3,1
430531,,-2,0,-1,-1,1,-2,-2,1,1,-0,2,-3,5,0,-4,1,2,-0,1,-3,-1,2,-2,3,-1,-2,-3,2,1,-5,8,-5,5,4,-6,4,-2,6,-2,-4,5,-5,2,1,2,-4,3,-0,4,-2,3,-4,5,5,-1,-2,0,-1,3,-5,6,0,4,0
430414,,2,-3,1,3,-3,0,-2,4,-3,1,2,-1,2,-2,0,2,-2,2,0,0,-5,2,-2,-9,1,-1,-1,2,-1,-1,3,-1,-1,2,-0,-1,1,2,-0,1,1,-0,1,0,-0,1,0,1,2,1,-2,4,-2,1,6,-2,3,-3,3,-2,5,2,-3,2
430304,,5,0,-4,-1,3,-1,-3,2,-1,-1,2,-4,2,2,-2,2,-0,-0,0,1,-1,-1,3,-4,5,-2,0,-1,2,1,-1,-0,-2,3,0,-2,-1,1,4,1,-0,-0,1,-1,2,1,1,-1,7,-2,-1,4,-0,-1,2,-1,3,-1,1,-4,7,2,-2,4
430407,,1,1,-1,1,-2,-1,2,1,1,-3,1,-4,7,1,-4,3,1,-5,1,-2,1,-0,3,-4,5,-2,-1,1,-4,2,4,-5,-1,0,2,-4,0,2,2,-3,1,1,2,-5,10,1,-0,9,1,1,1,1,2,1,-1,1,-1,0,-0,-2,2,-1,-3,0
430423,,1,3,-1,1,-2,-1,-2,1,1,-2,1,-4,6,2,-3,1,0,-3,-0,-3,4,-0,1,-5,6,1,-3,2,4,1,-4,-4,1,1,2,-8,6,2,-4,-2,1,2,-2,-3,4,5,-1,1,2,4,-1,3,1,-1,1,-1,-2,1,5,-2,-1,3,-2,0
430424,,,,,,,,,,,,,,0,1,-1,-0,1,-2,2,1,2,0,-1,1,1,-0,1,2,1,0,-1,-3,0,1,0,-0,1,1,2,0,1,-1,2,-0,1,1,1,0,3,-0,-1,2,-3,4,0,-0,1,3,-2,3,0,0,2,1
430419,,2,0,-1,2,-0,-0,-1,0,1,2,-1,1,-0,-0,-1,1,0,2,-1,2,-4,1,2,-5,1,1,-1,2,2,-1,-1,-2,1,-1,2,-2,1,-3,1,-2,0,-2,3,-1,1,3,2,-1,1,0,2,0,-0,2,1,-2,3,1,-1,1,0,-1,-1,1
430505,,-2,0,-0,-0,-1,1,-0,-1,1,0,1,-1,2,0,-0,1,1,1,1,-1,0,-0,1,2,-1,0,3,-0,1,1,-4,-2,1,-5,1,3,1,-0,-1,1,-0,-0,-0,2,-0,0,1,2,1,5,3,4,3,1,3,2,3,1,2,-1,0,-1,-2,2
430307,,5,-1,-3,6,1,-1,6,-9,4,-4,0,5,-2,-3,0,1,3,-3,3,-7,2,-6,2,3,1,0,-1,-4,-5,5,3,4,2,-3,-8,10,-3,5,-5,4,2,-5,4,-4,14,-10,6,2,2,-3,-2,8,-5,-4,4,0,-1,-0,-5,2,6,2,0,1
430317,,7,-3,-1,3,3,-2,5,-6,9,-12,1,-1,9,-8,0,-1,-3,2,2,-2,5,-3,0,-0,3,-0,-0,4,5,-2,-4,-0,-3,3,-7,1,-0,-0,1,2,-5,7,5,0,3,0,7,-2,1,-1,0,-2,2,0,3,-2,-0,2,0,-2,4,1,5,-3
430351,,-3,-3,6,-1,2,-3,5,-2,6,-7,-5,2,-2,5,-1,3,-2,-1,5,-4,1,-6,2,-3,8,2,6,-3,0,-4,-0,-4,4,0,-8,4,9,3,-9,1,5,-2,3,-3,4,1,-6,9,-5,7,2,-4,3,7,-2,-4,13,-3,-8,8,5,-6,4,-1
430356,,2,0,0,-0,1,-1,-2,1,-1,-1,6,-5,6,-2,-2,5,-4,-2,6,-2,-2,-4,5,-4,0,3,-2,2,-1,2,-3,4,-3,-4,3,4,-0,2,2,-0,0,4,-2,2,-2,-1,-2,3,3,0,-2,1,4,-0,-0,3,-0,-1,3,-2,3,2,-2,1
430358,,2,-2,-2,3,-0,-1,1,-2,9,1,1,-3,-7,-1,-1,1,-1,-2,1,1,13,-6,-2,-5,-3,-2,-0,-0,-0,1,0,1,12,-8,-7,4,2,-2,-2,3,0,0,2,-2,7,9,3,-1,-8,13,-1,0,-0,-0,2,1,-2,-8,6,-2,4,-1,0,2
430362,,2,-1,0,1,0,-2,2,2,1,-1,-2,-1,0,-0,-3,1,2,-3,1,1,2,1,-1,-1,1,1,-1,-1,0,1,0,5,-1,-1,-1,-2,4,3,-4,2,1,0,5,-1,3,-2,3,-3,4,-1,1,1,2,0,4,2,1,-4,2,2,5,1,-6,1
430524,,0,0,0,0,0,-1,-4,-1,9,0,2,1,-1,0,-1,-0,1,-0,-0,-0,1,-2,-1,-3,-2,-5,-1,-1,-2,-3,1,-5,-6,-2,4,-3,1,-0,0,0,3,-1,0,-0,-0,1,1,2,-3,3,-3,2,0,2,-8,-1,1,4,1,2,-6,3,-6,-1
430541,,,,,,,,,,,,,,,,,,,,,,,,,,,,,,,,,,,,,,4,-2,-1,-2,4,-6,5,-1,1,0,-1,2,1,0,-1,5,4,-5,4,6,-1,2,-1,1,-4,3,-2,2
630166,,,,,,,,,,,,,,,,,,,,,,,,,,,,,,,,,,,,,,,,,,,,,,,,,,,,,,,,,,,,,,7,-7,2,8
430229,,6,-1,1,-0,-1,2,-2,2,3,-0,1,-2,0,-1,1,-0,-1,1,-1,-2,-2,3,1,-3,2,-0,0,-1,3,1,-2,3,-3,-1,3,-1,-1,2,1,-1,1,-1,-3,3,1,1,0,0,1,0,-1,-1,1,0,-0,1,-0,1,-2,1,-1,0,1,0
430236,,2,1,1,0,1,-4,0,-1,-1,-1,5,-5,0,2,-4,2,2,-2,0,2,-2,4,3,-1,3,1,-2,0,-4,-1,4,5,-1,-0,-2,-2,2,-1,0,1,1,-3,2,2,1,-3,-1,3,4,7,-11,6,-2,-7,5,-6,12,1,-0,-9,9,1,1,1
520136,,2,-1,-1,1,-1,-1,1,-3,1,2,2,-5,3,-0,0,1,-4,1,0,-0,1,1,-2,1,3,-0,-4,-6,7,0,0,1,1,4,-3,-8,4,0,-2,2,0,-1,1,-1,1,0,0,-2,3,5,0,-1,1,-2,1,-2,1,-2,-3,-1,2,1,0,1
430101,,4,-3,2,-2,3,-6,5,-0,-2,1,2,-4,4,-2,-2,2,1,-3,3,2,-2,3,2,-8,2,1,-1,-0,4,0,1,-1,-1,2,5,-4,5,2,-2,3,2,-3,1,6,-4,4,4,-5,2,5,-1,1,3,-4,2,3,-0,4,4,-6,1,5,-3,0
430104,,4,0,-1,1,1,-4,3,1,-2,1,2,-5,7,-1,-5,1,1,-3,2,1,-2,1,4,-6,2,-2,1,-1,0,0,-0,1,-1,1,1,-3,0,3,-1,0,2,-2,1,5,-2,2,2,-2,2,4,-1,1,3,-3,1,3,-3,1,6,-3,1,2,-1,1
430119,,0,1,-2,-5,3,-1,-0,2,1,-1,3,1,0,0,0,0,0,0,0,1,-1,0,1,-0,1,1,1,-1,-1,0,0,-0,1,1,1,0,0,1,0,2,1,1,1,-1,4,0,1,5,4,0,1,0,2,1,1,1,3,-0,2,9,-1,0,1,-1
430120,,3,0,-2,-0,3,-6,2,-0,-2,1,1,-5,4,1,-4,2,3,-4,0,3,-3,1,2,-7,3,1,-2,-8,10,-2,2,3,-2,-0,3,-2,0,2,1,0,2,-2,2,6,-3,2,3,-3,3,3,-2,1,6,-2,2,2,-2,1,3,-5,2,3,-2,0
430127,,5,-3,2,-2,3,-6,7,-0,-1,0,2,-5,6,-2,-2,2,1,-4,4,2,-2,1,4,-8,1,1,-3,-0,5,0,1,-1,-2,1,3,-2,4,1,-2,3,3,-3,2,3,-3,3,3,-4,2,4,-0,2,2,-3,1,3,-0,2,2,-3,1,2,-1,-1
430133,,4,-1,-1,-1,2,-4,3,-1,-1,1,0,-4,3,-1,-3,2,3,-5,2,1,-2,0,5,-6,2,1,-2,-0,1,-3,3,1,-1,-2,5,-3,0,2,-0,1,3,-1,1,6,-2,1,3,-4,5,3,-3,1,2,-2,2,3,-1,1,2,-4,2,2,-2,1
430134,,1,2,-1,-1,-1,-2,4,-0,-1,1,0,-4,3,1,-1,1,-2,-2,2,2,-1,2,-0,-4,2,-1,-2,-0,-1,1,1,2,-0,2,1,-3,2,0,-1,2,-0,1,0,2,0,-0,3,-1,7,1,-1,-0,0,-2,0,1,0,-1,5,-3,1,0,1,-3
430137,,13,-4,-1,0,4,-8,8,-0,-3,1,4,-9,12,-4,-5,2,6,-6,2,4,-6,1,8,-11,5,-0,2,1,-0,-5,0,5,-3,0,6,-6,3,0,-0,3,4,-4,3,7,-3,1,10,-6,1,6,-2,2,4,-4,1,3,-3,1,4,-6,2,3,-2,2
430138,,6,3,-2,0,1,-3,2,-2,1,2,0,-2,2,1,-3,1,2,-4,0,2,-1,1,1,-7,4,0,-2,6,-3,-2,-1,2,-0,0,2,-2,2,3,-2,0,1,-1,1,2,-4,4,1,3,1,2,-1,2,-1,-2,2,3,-0,3,0,-2,1,1,0,0
430139,,-0,1,-3,-4,1,-1,2,-2,2,1,2,0,2,0,-1,1,0,-0,2,-0,-1,0,1,-1,1,1,-0,1,-1,-0,2,-2,1,2,1,-1,-1,-1,1,1,2,-2,3,-3,6,0,1,8,3,1,0,1,4,1,2,1,1,-0,2,9,0,-1,1,-1
430140,,4,-0,-1,0,1,-4,6,0,-2,0,4,-5,4,-2,-2,4,1,-5,5,0,-5,2,4,-7,6,-2,1,-2,4,-6,2,3,-2,0,4,-6,3,1,-1,0,3,-1,1,5,1,0,4,-3,4,3,-0,1,2,-5,3,4,-2,2,4,-4,1,4,-1,1
430141,,3,0,-2,0,2,-6,4,1,-2,0,4,-5,2,-0,-3,2,4,-4,1,4,-2,-2,4,-4,3,2,-1,3,4,-2,2,1,-0,-1,2,-1,1,1,-0,2,3,-1,0,0,1,2,4,-4,2,4,-1,-0,4,-2,2,1,1,0,1,-3,1,2,-1,3
430142,,1,-2,2,-4,3,-3,0,5,-1,2,-2,1,-4,1,-1,-1,1,-1,1,5,-3,-1,-1,-0,-1,2,7,-2,-2,-1,0,2,-3,-1,1,-3,1,-1,1,-0,0,-2,1,7,2,-0,3,4,-0,0,-0,4,0,-3,3,-1,0,-1,0,-1,0,0,1,3
430143,,,,,,,,,,,,,,6,-2,-5,7,0,-2,2,1,-1,1,5,-9,5,0,-3,4,4,-6,0,1,-3,2,5,-5,2,2,-0,-0,2,-1,1,4,-1,2,4,-4,3,3,-1,1,3,-3,3,2,-1,1,3,-5,3,3,-2,0
430144,,,,,,,,,,,,,,,,,,,,,,,,,,,,,,,,,,,,,,,,,,,,,,,,,,2,2,2,2,2,-5,3,3,-0,1,3,-4,3,3,-3,1
520132,,-1,3,2,2,-2,-0,2,0,-0,1,2,-7,6,1,-2,2,-1,-2,2,1,-3,4,2,-11,8,0,-1,2,2,-1,1,2,2,3,4,-6,3,1,4,-0,3,-1,2,2,-1,0,3,-5,5,2,-0,1,-1,0,1,2,-2,0,3,-2,3,2,-2,1
410602,,0,1,0,-1,0,-0,0,-1,-1,1,1,1,0,0,2,-0,-1,0,1,-0,0,0,0,0,0,-0,1,1,-0,-0,-1,1,-0,0,-0,1,0,0,0,1,-1,0,0,4,-0,2,1,0,1,1,1,1,-0,1,0,2,1,1,1,-1,1,-1,3,0
410607,,-1,1,2,-1,6,-5,1,5,1,1,-0,0,0,-0,1,0,1,0,1,0,0,-0,-1,-1,0,0,-0,-1,-0,1,1,-0,1,0,0,-0,0,0,0,1,2,-3,-0,0,0,1,1,-1,1,1,1,0,5,0,5,2,0,-2,3,1,3,0,0,3
410611,,0,3,2,-1,0,-2,0,-1,1,-0,-0,1,0,1,-0,0,1,-0,0,-0,-0,0,0,-0,0,0,1,-1,2,-0,0,1,-0,-0,-1,0,-0,0,0,0,0,-0,3,-3,0,-4,1,1,3,1,0,-2,-3,-2,0,2,5,2,0,2,0,1,-1,2
410614,,1,2,0,-2,0,1,-3,-5,5,-0,-0,-1,-0,-4,-1,10,1,-2,-1,-0,1,1,-1,-1,1,0,1,2,0,-1,-1,-6,-0,1,-1,-3,-2,-0,2,2,1,1,1,-2,1,-1,2,-0,3,1,0,0,-1,-0,-0,4,1,0,1,-2,3,-1,1,0
410621,,-0,-3,1,0,1,0,1,-1,-1,-0,1,1,0,1,0,1,0,-1,0,3,0,-1,0,-1,-1,1,-0,-0,1,0,0,-0,0,-0,0,-1,0,0,-0,-0,3,0,1,-1,1,1,-2,-1,3,3,1,0,1,1,1,1,1,-0,1,-1,1,2,0,-1
410625,,11,-13,17,-1,-0,1,1,3,-2,-1,1,-1,-0,-1,1,1,-0,-0,1,0,-0,-0,-0,1,-1,1,-1,-1,-3,4,-1,1,-1,2,-0,0,1,0,0,1,1,1,1,0,3,1,-1,1,2,2,0,0,1,-1,1,2,-1,1,-0,0,0,2,0,0
410629,,-2,3,-1,1,-0,1,0,1,-2,1,0,-6,-12,1,-1,6,-0,-2,9,3,-5,5,-1,-3,-3,3,-0,1,-2,-0,3,1,-3,0,-0,-1,1,-1,0,0,0,2,-0,2,0,0,1,-3,-3,6,1,1,0,2,3,0,0,2,2,-4,2,2,4,-4
410631,,2,2,1,-0,-0,-5,-2,-1,0,-1,3,-4,5,0,1,2,-0,0,-1,0,-1,2,1,1,0,0,-4,5,-4,0,2,2,-1,2,1,-2,-1,0,0,-0,-1,0,-1,2,1,1,1,0,-0,-1,3,1,-2,2,1,3,-0,-0,2,-3,0,0,0,0
410632,,1,0,-1,-0,-0,-1,0,-0,-0,0,-0,2,-0,-1,-0,-1,0,-0,0,0,-1,-0,-1,-1,0,1,-0,-1,-1,0,2,1,-0,-0,1,-1,0,0,0,-0,1,1,0,0,-0,1,1,2,-0,0,0,1,-2,-1,-0,-0,0,-1,0,-1,0,0,0,1
410633,,0,4,3,-2,-0,-1,1,0,-1,1,2,-1,-1,0,0,1,-1,-1,-0,0,1,-0,0,0,0,0,-0,3,-3,-0,-1,-1,3,-0,2,1,4,0,4,6,7,9,8,4,8,3,-0,1,-2,2,1,0,0,1,-1,0,-3,0,1,0,0,0,-1,0
410637,,-1,4,1,0,-0,-2,3,-1,-1,1,1,-2,0,0,0,0,-1,0,1,0,0,-1,0,1,-1,2,0,0,-2,-2,3,0,-4,0,2,1,2,1,-0,-0,1,-0,1,1,0,0,3,-1,4,2,2,4,1,0,7,10,5,3,-0,-0,-1,1,1,-1
420103,,0,0,0,-3,-0,0,0,0,3,-0,2,-0,1,0,-1,1,0,0,-1,1,0,2,1,-0,1,0,-0,0,-0,1,-2,2,0,0,-0,0,0,0,0,0,1,-0,-1,1,1,0,2,0,2,4,2,3,5,4,2,2,5,-0,-0,1,1,-2,0,0
420405,,-2,5,0,3,-1,-3,1,5,7,-6,-6,-4,2,1,0,2,-4,-1,2,0,4,-3,0,3,-11,-18,-22,-7,17,1,-0,-4,4,-5,18,8,7,3,-4,5,3,1,-1,5,19,4,-3,4,12,44,-4,9,6,-6,-14,14,-0,-4,-9,-1,-5,-7,-10,-9
430228,,9,-1,-1,-1,0,-3,-1,2,2,5,0,-9,8,1,-5,5,1,-5,4,1,-2,1,-1,-5,5,-2,-12,3,3,4,3,-1,1,-0,0,-5,4,0,-1,1,1,-3,2,-1,3,-1,1,-5,5,3,-1,0,0,2,3,0,1,2,1,-4,4,1,1,-2
430413,,0,0,0,0,-0,0,1,-0,0,0,-0,1,0,-0,0,0,-0,1,0,-0,0,-0,0,0,0,-0,-3,0,3,1,0,-1,1,-0,-1,-0,-0,1,1,0,0,1,-1,1,1,2,-0,0,1,0,2,1,1,2,-0,3,1,1,1,0,0,0,1,0
430539,,4,-1,-2,2,3,-2,2,-0,1,0,0,-0,1,-4,0,-2,1,0,0,-2,-2,2,-2,1,-3,4,-2,-0,-1,-4,7,-2,-2,-3,-3,2,-1,-3,0,-3,-4,0,3,0,3,0,1,1,-0,3,-1,3,-0,2,1,-0,1,0,-0,-0,1,3,2,0
430525,,3,-1,-1,2,0,0,-3,2,-0,-5,-3,8,2,-2,2,-1,2,-1,-3,1,-0,-1,-2,6,-1,2,-1,0,-0,-1,-4,2,2,-10,0,5,-1,2,0,6,0,0,0,1,0,-2,1,1,2,0,0,1,1,2,-2,-0,4,0,2,1,0,0,-1,1
430526,,0,0,0,-1,1,0,-0,-0,0,0,0,-0,0,1,-0,-0,0,0,0,0,-1,0,0,0,-0,0,6,-1,-7,7,-3,-1,0,-0,2,-0,2,-0,0,-0,-0,-0,-0,1,1,-0,0,1,0,0,-0,1,1,0,-0,1,0,1,-1,0,0,1,0,0
430527,,2,-0,2,0,-0,-0,-3,1,1,1,0,0,3,-0,0,-0,1,-0,-2,0,1,0,0,-1,1,0,-1,1,0,-1,-1,-0,1,1,0,-1,2,0,0,0,1,-0,-0,-1,1,1,1,-1,4,2,5,6,4,1,5,2,3,2,-1,0,1,0,0,1
430530,,0,-3,1,0,0,0,-1,0,-0,1,1,0,1,-0,0,-0,-0,-1,2,0,0,1,1,-2,0,-0,1,-0,4,-1,-0,1,1,-2,1,0,-1,1,-0,4,-0,1,-2,1,2,-2,-1,3,0,2,0,1,-1,1,-0,-0,4,4,0,-2,1,0,1,0
430535,,0,-1,3,-0,-0,0,0,-3,0,0,0,-0,0,0,0,0,0,-0,2,-2,1,-0,1,-0,2,-0,-0,-0,-0,0,1,0,-1,-1,-0,1,0,0,-0,-3,-0,0,1,0,-0,0,0,-1,-0,2,1,0,0,0,1,0,-0,-0,1,-1,1,-1,1,-1
430409,,2,-3,5,1,-2,-1,-1,-0,4,-1,0,-0,0,0,-2,0,0,1,2,-1,2,-2,-1,-1,1,1,-0,-2,0,-2,4,-7,4,-6,-6,-1,2,2,1,2,0,0,1,-2,1,-0,3,7,2,1,-0,0,-1,-0,0,4,-1,0,0,-2,1,0,3,0
430503,,2,2,-4,-3,9,-3,-8,3,2,7,1,-4,3,2,-6,1,7,-1,-8,1,4,5,2,-3,2,1,-2,3,-1,-5,-7,2,8,2,1,-7,5,-0,-5,4,6,-0,-6,-2,9,0,0,-4,7,-0,0,0,2,-4,-3,1,-0,3,4,-3,5,7,-4,2
520134,,3,-0,2,5,-4,-2,-0,8,-5,8,-1,-7,2,0,1,3,-1,2,-2,3,-3,-1,-1,-2,10,-3,-8,0,1,-4,1,2,-2,-6,9,-10,2,4,-1,-0,1,-1,-3,7,-0,2,2,-2,0,3,5,3,-0,-1,-5,4,-1,4,-3,-3,-2,3,2,-1
630156,,2,-3,2,-5,1,4,-6,4,3,-1,-4,4,3,-0,-2,-0,0,-0,1,-3,2,0,-2,1,1,0,-0,3,-5,2,1,1,0,-3,-2,-1,2,-2,2,1,-1,-1,3,2,0,-2,-2,3,-2,-0,0,4,-1,-1,-1,-1,2,2,-7,2,-2,6,1,-1
630159,,-2,-1,-1,-3,-1,-0,2,0,1,-4,0,-1,1,-2,-3,-0,-2,0,-1,-1,1,-0,-3,1,-2,-1,-3,3,5,0,1,-1,1,-3,1,-0,2,2,-3,1,8,-2,-1,4,-1,-0,-2,4,-3,0,-5,-4,1,-2,1,2,-3,-2,5,-4,1,1,-2,2
630160,,-2,-1,0,-1,-3,-1,-0,-1,-0,-4,1,-6,2,-2,-2,-2,-1,-1,5,-1,1,-6,-0,-3,1,0,-2,1,-5,-1,5,-1,-3,-2,1,-1,2,-1,-2,7,-5,7,3,-0,-1,-3,-3,-4,-3,-5,-6,-3,-2,4,1,3,-2,3,9,-5,0,0,2,-2
630164,,,,,,,,,,,,,,,,,,,,,,,,,,1,2,-2,2,-1,-1,5,-3,-2,-2,-0,-1,0,2,2,2,2,-11,-2,1,3,2,0,4,3,7,-0,-0,3,2,1,-2,-1,0,-3,3,2,-1,-2,4
630434,,-1,-0,2,-1,1,0,-0,1,0,1,-0,-0,-1,-0,0,-0,0,0,0,0,-0,0,0,0,0,0,-7,-2,3,0,5,1,-0,-8,2,0,1,-0,-0,7,0,0,1,0,1,-0,-0,1,1,-0,0,0,0,0,0,0,0,1,0,1,1,0,1,1
630437,,-0,-1,-1,-0,-0,2,-2,-0,1,-3,1,2,-1,-0,0,2,0,1,-0,1,-2,0,0,-2,2,2,-10,-3,3,8,4,1,-2,-8,0,0,3,-5,-1,9,-0,0,2,-2,0,7,-6,-1,0,1,-4,4,-2,1,-1,1,1,3,1,-0,0,0,0,0
630439,,-1,2,2,0,0,-0,1,0,2,2,-0,0,1,-0,1,-1,1,2,-3,0,-1,3,-0,3,-2,1,-13,-7,13,-13,25,-1,1,-15,2,0,2,-4,4,9,-3,-1,3,-1,3,0,3,-3,0,0,0,-0,2,-2,1,1,-0,-0,-0,-0,0,-2,4,5
630440,,,,,,,,,,,,,,2,-1,0,-0,1,-1,0,-0,-1,0,1,0,0,0,-6,-5,5,3,4,1,0,-5,0,1,3,-1,-0,5,2,1,1,0,0,-1,1,5,2,1,-4,5,-1,-0,-2,6,-6,9,-3,-6,0,0,1,0
630226,,4,-3,3,1,-0,-0,1,-1,1,1,0,-2,2,-0,0,1,0,-8,0,3,2,-4,1,-0,-0,2,2,-3,4,-7,2,-6,1,1,-1,-3,5,-0,6,-1,-6,9,3,7,0,1,-1,-10,1,-2,2,1,-0,0,-3,4,-3,2,5,-0,4,-5,0,0
630376,,-1,2,-2,-1,0,3,1,0,-1,1,0,1,2,1,-3,-1,4,-6,1,0,2,-3,1,2,-3,0,12,-4,-5,4,0,1,-1,-1,5,3,-3,0,-2,-1,0,-1,2,5,-2,0,-1,4,5,-4,1,2,0,-2,2,-1,-1,3,-3,4,1,1,-1,-3
630314,,-6,2,-1,1,1,2,-0,1,-1,1,-5,5,-0,-1,-4,2,-1,0,-0,-1,0,-1,0,5,-3,0,4,4,-5,-2,1,2,-3,2,1,3,-1,-1,0,-2,0,-1,0,1,-1,-1,1,2,-0,-2,-1,0,0,1,-2,2,0,1,-5,3,3,-4,1,0
630317,,-0,1,-2,0,-0,0,1,0,-1,0,-1,0,3,3,-3,-2,-4,1,-0,1,2,0,-0,3,3,-2,-7,3,2,-1,0,-1,1,-3,-1,3,12,-4,1,-2,-7,6,-0,4,-4,2,-2,-2,3,3,-0,3,-4,-0,-7,6,1,3,-1,2,3,-1,1,2
630342,,0,-0,1,-1,1,-0,-0,0,0,0,-1,1,1,-1,-0,0,1,0,0,-1,-0,0,-0,1,0,2,0,0,-1,-1,2,0,0,0,1,3,-1,1,0,0,-2,1,-2,1,-1,0,1,1,0,0,2,-0,1,-0,1,1,1,2,-0,-0,0,0,1,1
630359,,1,0,1,0,0,0,0,0,-0,1,-0,0,1,0,2,1,-0,0,-0,1,-0,1,-0,-0,0,0,1,-3,-1,3,1,1,0,-2,2,-1,-0,1,0,4,0,0,0,-1,0,0,0,1,0,0,0,1,0,0,0,0,2,2,1,1,0,0,0,0
630368,,-5,1,1,2,-0,-2,1,2,-0,1,-2,4,-3,1,0,5,0,-1,0,-0,1,-1,-1,3,-3,2,-2,3,-3,1,-1,1,-1,-2,-1,-6,3,0,-5,5,-3,3,2,2,0,-1,1,-2,4,3,-1,-0,1,2,1,0,2,2,-2,-2,5,0,-1,2
630373,,-1,1,-0,-3,2,0,-3,3,0,-1,-1,4,2,1,-1,-0,-1,2,-4,1,0,-0,-0,4,-0,-0,6,-2,5,-3,-5,1,-0,11,1,2,-7,-10,0,3,-1,0,0,-1,-1,-2,2,1,7,-7,-1,-0,1,2,1,-4,2,2,-4,6,-1,0,-2,1
630382,,,,,,,,,,,,,,,,,,,,,,,,,,,,,,,,,,,,,,,,,,,,,,,,,,1,-1,2,-2,-1,-2,0,2,1,1,0,2,0,-1,4,-2
630505,,2,-1,1,0,-1,0,-1,-1,-1,-0,-1,-1,-0,-1,-1,1,1,-0,-0,0,1,1,-0,-2,-4,0,-1,-1,-3,2,2,1,1,0,2,1,2,1,-0,1,-1,1,0,3,1,-1,3,2,1,0,1,3,1,0,-0,-1,5,1,-0,-1,1,0,-8,7
630507,,1,1,-1,2,-1,-2,-2,1,2,-1,-1,2,-0,-0,0,0,1,-4,-0,1,0,1,1,1,-0,0,1,-1,3,-0,-5,1,-1,0,7,-2,4,2,-1,-2,-0,-0,1,-3,-1,2,-1,-2,1,2,0,-1,3,-5,2,-2,-0,2,2,0,0,-1,1,1
630510,,1,-0,0,0,0,-0,-0,-0,0,1,0,0,-2,0,-1,-1,3,0,-1,0,1,0,-1,0,-0,1,5,-2,-4,0,4,-1,-2,-4,2,3,2,0,-1,4,1,2,1,-1,5,1,1,1,2,1,-0,1,2,-0,2,1,1,1,3,1,1,0,1,1
630518,,3,-0,-2,-1,1,-0,-1,1,-1,0,2,-1,2,-2,-1,0,-0,0,-2,1,1,1,0,1,0,-1,-3,-2,-2,7,-0,1,-1,-4,4,-1,1,1,-1,-0,1,0,0,1,-1,1,3,0,4,-1,0,-0,2,2,-1,2,1,-1,0,0,3,1,0,0
630519,,1,-1,2,-5,6,-3,-2,-1,0,4,-4,2,3,0,3,-2,-4,1,4,-1,-0,5,1,2,-1,0,5,1,1,-15,-2,9,4,4,0,2,1,1,-1,-2,0,4,-0,-3,-2,3,9,3,1,0,-2,2,-1,-4,2,3,-0,2,0,1,0,1,-1,5
630525,,1,1,-0,-2,2,1,0,1,1,0,-0,2,1,1,-2,-1,1,2,1,0,1,0,0,-2,-0,2,-6,9,-2,3,-2,0,1,1,1,1,1,-0,-4,5,-4,-1,2,5,-2,3,3,0,4,1,-1,-0,2,-1,1,2,2,2,1,6,1,0,-2,-1
630526,,,,,,,,,,,,,,2,0,-0,1,1,-1,0,1,0,2,1,-6,1,-1,-17,15,4,-4,-9,3,1,-1,3,1,-0,3,0,-0,1,-4,-2,3,0,1,4,-4,2,3,1,1,2,-10,-2,11,1,1,0,-2,-3,-2,1,1
640212,,7,-1,1,-1,1,-6,15,-8,4,-6,1,-1,1,-1,2,0,-1,-5,1,10,0,-4,-2,2,4,-3,-0,0,0,0,-0,0,0,-0,0,-0,0,0,0,0,0,3,3,7,-1,1,-5,7,1,-0,4,-2,5,-3,-2,3,1,-3,-2,-0,3,1,1,2
220324,,0,0,-0,0,0,0,0,0,0,0,0,0,0,-0,0,0,0,0,0,1,0,0,1,1,0,0,-0,0,0,2,1,-2,1,-0,1,-0,0,0,0,0,0,1,-0,0,0,0,0,1,0,0,0,0,0,0,1,0,0,0,1,1,0,0,1,0
640406,,-1,3,5,1,2,0,-3,1,-5,4,1,-9,-0,3,1,8,-3,9,-5,8,-5,-5,-8,-4,5,-1,4,8,-3,-6,1,-6,-8,20,-25,18,4,-1,5,8,-3,5,14,-8,-0,3,-7,-9,7,8,3,3,5,3,-2,4,1,-7,3,-8,4,9,-2,5
430613,,-0,1,-1,-0,1,0,1,1,-0,0,1,0,4,1,0,1,-0,0,-4,2,0,2,2,0,0,0,-8,0,2,0,1,-0,0,-1,0,-0,0,0,-0,0,0,0,3,-1,1,1,1,2,11,1,2,1,4,5,3,2,2,-0,-0,2,5,2,4,0
430617,,-1,-0,1,-1,0,2,0,0,-0,0,0,-0,-1,0,-0,0,-0,0,1,-1,0,0,-1,1,-0,-0,12,0,-8,-0,-2,-0,3,-0,1,1,-1,1,-2,2,-2,-1,3,-3,2,1,0,1,0,1,0,1,-0,-1,4,-2,0,1,-0,-0,0,2,-1,0
430621,,0,0,0,0,0,0,0,0,0,0,0,0,0,0,0,1,0,1,1,0,1,1,0,0,1,0,-0,0,-0,0,0,1,0,-0,1,1,1,-0,1,0,0,0,1,-0,1,1,1,1,0,1,1,1,1,2,1,1,1,1,1,0,1,1,1,2
430622,,0,0,0,1,0,0,0,0,0,0,0,0,1,0,1,0,0,0,-0,1,0,0,0,0,1,0,0,0,0,0,0,0,0,0,0,0,0,0,0,1,0,0,0,0,-0,-0,0,0,1,1,2,1,0,1,0,2,1,1,1,0,1,1,1,1
430625,,4,1,-5,0,-0,-0,-2,0,-2,-1,2,-3,1,1,-1,0,6,0,-5,-0,0,-0,0,-1,0,-0,-0,-2,3,-1,0,3,-0,1,-1,1,1,0,0,0,0,1,1,-2,3,0,0,-1,-0,2,3,0,2,3,5,2,0,0,1,-0,2,0,2,3
430626,,,,,,,,,,,,,,-1,0,1,-2,0,1,-2,1,-1,0,1,2,-1,1,1,-1,-4,-4,3,0,-1,-1,-1,1,-0,0,-0,4,-2,-1,-1,-0,1,2,-1,-1,-0,1,0,1,0,2,5,5,-0,1,3,1,-1,0,-1,2
430627,,,,,,,,,,,,,,,,,,,,,,,,,,,,,,,,,,,,,,,,,,,,,,,,,,-2,-1,3,-2,5,-4,-1,2,2,-0,0,1,0,-2,2,-1
630340,,0,-1,0,-1,1,-1,1,0,-1,1,0,0,0,0,-1,1,0,0,0,0,-2,0,-1,0,0,-1,1,0,-2,1,-0,2,-1,3,0,-1,0,-2,2,0,1,0,-0,0,0,1,-2,0,1,-0,1,-0,1,1,-0,0,1,-0,0,-1,1,2,1,3
630343,,4,1,1,-0,-2,-2,6,1,1,-2,5,2,-2,0,-3,-1,0,0,1,0,2,-1,-1,0,-2,-1,-1,-2,-1,2,1,1,2,-0,-1,-1,-1,0,1,1,0,-0,1,2,-4,-0,2,-4,3,1,0,-0,0,-0,0,-0,-17,1,-1,0,0,1,1,0
630345,,1,-0,0,1,-1,1,-0,-1,1,1,-0,-1,0,0,-1,0,-0,1,0,-0,0,0,0,0,1,0,0,0,-0,0,0,0,1,1,9,-0,2,0,0,0,0,0,0,-0,1,3,0,-0,8,-4,4,-0,1,-3,0,-0,-0,-0,3,0,1,0,3,0
630357,,-0,3,5,-1,-1,-4,1,5,-0,-4,0,0,-0,-3,1,0,1,-0,-0,-2,-1,0,-3,1,1,0,3,-1,0,0,0,-0,-2,-3,3,1,0,10,0,2,0,1,2,1,-2,4,8,2,11,0,-0,2,3,1,-1,0,-1,-0,-1,1,0,0,1,-1
640219,,0,1,0,0,0,0,0,0,0,-0,-0,0,0,0,0,1,1,0,0,0,-0,0,0,0,0,0,-2,0,1,1,2,0,0,-2,3,-2,-0,1,-1,0,0,2,0,0,-0,-0,0,0,1,0,0,0,1,0,0,0,0,0,0,1,0,1,0,1
640222,,0,0,0,1,0,0,0,0,-0,0,0,0,1,0,-0,1,0,0,0,0,0,0,0,0,0,0,-0,0,-1,-0,0,0,1,-0,0,-0,0,0,0,0,2,0,0,-0,0,-0,0,1,0,0,-0,0,0,0,0,0,0,0,1,0,0,0,0,1
640224,,1,0,0,0,0,0,1,0,0,0,0,0,0,0,0,1,0,0,0,0,0,0,-0,0,-0,1,-0,0,0,0,-0,2,0,-0,1,-0,0,0,0,0,0,1,-1,-0,0,0,0,0,0,0,0,0,1,0,0,0,0,0,0,0,0,0,0,0
640226,,1,-1,-0,-0,-1,0,1,-0,0,-0,-1,0,0,0,1,0,0,-0,0,0,0,0,0,0,-0,-0,-0,0,0,0,2,-1,0,-0,-0,-0,0,0,0,2,0,0,0,0,1,0,0,0,0,0,0,0,0,0,1,1,0,1,0,0,0,-1,0,1
640243,,0,0,0,0,0,0,0,0,0,0,-0,0,0,0,1,0,0,0,-0,0,-0,0,0,-0,0,0,-0,0,0,0,0,4,-1,-0,0,-0,0,0,0,0,0,1,0,0,0,0,0,0,1,0,1,1,1,0,1,1,0,1,0,1,1,0,0,0
640244,,,,,,,,,,,,,,,,,,,,,,,,,,,,,,,,,,,,,,,,,,,,,,,,,,0,0,0,0,2,1,0,1,-0,1,1,0,0,0,1,1
440120,,0,0,0,0,0,0,0,-0,0,0,0,0,0,0,0,0,0,0,0,0,0,0,-0,0,0,0,-0,0,-0,0,0,0,0,0,0,0,0,0,0,0,0,0,0,0,1,0,0,0,0,0,1,1,0,0,0,0,0,0,0,0,0,0,0,1
440126,,0,0,0,0,1,0,0,0,0,0,0,0,0,0,0,0,0,0,0,1,0,0,0,0,1,0,-0,0,0,0,1,0,0,-0,0,0,0,0,0,0,0,0,0,0,0,0,-0,0,1,0,1,0,0,1,0,1,2,0,0,0,1,0,1,0
440128,,0,0,0,1,1,0,1,0,0,0,1,0,0,0,1,0,2,-1,1,0,0,0,0,0,0,0,0,1,1,0,-1,0,0,1,0,0,1,0,1,0,2,0,1,0,0,0,0,0,0,0,1,1,2,1,1,0,1,0,0,0,1,0,2,1
440129,,0,0,0,0,0,0,0,0,1,1,0,0,0,0,0,0,0,0,0,0,-0,0,0,0,1,0,-3,0,1,6,-2,-1,1,0,0,1,0,0,0,0,0,0,1,0,1,0,0,0,0,-0,0,0,0,1,0,1,-0,-1,0,0,0,0,1,0
440232,,0,0,1,0,0,0,0,0,0,0,0,0,0,0,0,1,0,0,0,0,0,0,0,0,0,0,-0,1,0,-0,0,1,0,0,0,0,0,0,0,0,0,0,0,0,0,0,0,0,0,0,0,0,1,0,1,1,1,1,1,0,1,1,1,1
520324,,0,0,0,1,1,1,0,0,0,0,0,0,0,0,0,1,1,1,0,0,0,0,0,0,0,0,0,0,0,0,0,0,0,1,0,0,0,0,0,1,1,0,0,0,0,0,0,0,0,0,1,1,1,1,0,1,2,1,1,0,1,1,1,1
520325,,0,0,0,1,1,1,0,-0,0,0,0,0,1,0,0,1,1,0,0,0,0,0,0,0,-0,0,0,0,0,-0,0,0,0,0,0,1,0,0,1,1,1,0,0,1,-0,0,0,0,0,1,0,0,0,2,0,1,2,1,1,1,0,0,1,1
520301,,0,0,0,0,0,0,0,0,0,0,0,0,-0,0,0,0,0,0,0,0,-0,0,0,1,0,0,-0,0,0,6,1,1,1,-0,0,-0,0,0,0,1,0,0,0,0,0,0,0,1,1,0,1,1,1,-0,1,0,0,1,0,1,1,0,1,0
520303,,0,1,0,0,0,0,0,0,0,0,0,0,0,0,1,0,0,-0,1,0,0,0,0,0,0,0,-0,0,0,4,0,1,0,-0,0,-0,0,0,0,1,0,0,0,0,0,0,0,1,1,0,1,1,0,0,1,0,0,1,0,0,0,0,1,0
520311,,0,1,0,0,0,0,0,0,0,-0,0,0,0,0,1,0,-0,0,0,0,0,0,1,0,1,0,-0,0,0,4,0,-0,0,-0,0,-0,0,0,0,1,0,0,0,0,-0,0,0,1,0,0,1,1,0,0,1,0,0,1,0,0,1,1,1,0
520313,,0,1,0,0,0,0,0,0,0,0,0,0,0,0,-0,0,0,0,0,1,0,0,0,0,0,0,-0,0,0,4,-1,-0,1,-0,-0,0,0,0,0,1,0,0,0,0,-0,0,0,0,1,1,0,0,0,0,0,0,0,1,0,0,1,0,1,0
520326,,0,0,0,0,0,0,0,0,0,0,0,0,0,0,0,0,0,0,0,0,0,0,0,2,1,0,-0,0,0,9,-5,-2,1,-0,0,1,0,-0,0,0,0,1,0,1,0,0,0,0,1,1,1,0,0,1,2,1,0,0,0,0,1,0,0,1
520332,,0,0,0,-0,0,0,0,0,0,0,1,0,0,0,0,0,0,0,0,0,0,0,-0,-0,0,0,-0,0,0,-1,1,0,0,1,0,1,0,0,0,0,1,0,0,0,0,0,0,0,1,0,0,0,0,0,0,0,0,0,0,0,0,0,0,0
410508,,-0,0,0,0,0,0,-0,0,0,-0,0,0,0,0,0,0,0,0,0,0,0,0,-0,-0,0,0,-0,1,0,0,0,-0,-0,-0,0,-0,0,0,0,0,0,0,0,0,0,0,0,0,0,0,0,0,0,0,0,1,0,0,0,0,0,0,0,0
410509,,0,0,0,0,0,0,0,0,0,0,0,0,0,0,0,0,-0,0,-0,0,0,0,0,0,0,0,-0,0,0,-0,0,0,0,-0,0,-0,0,0,0,0,0,0,0,0,0,0,0,0,0,0,0,0,0,0,0,0,0,0,0,0,0,0,0,0
410517,,0,0,0,0,0,0,0,0,0,0,0,0,0,0,0,0,0,0,0,0,0,0,0,0,-0,0,-0,0,0,0,-0,0,0,-0,0,1,0,0,0,0,0,0,0,1,0,0,0,0,0,0,0,0,1,0,0,0,0,0,0,0,0,0,0,0
410518,,0,0,0,0,0,0,0,0,0,0,0,0,0,0,0,1,0,0,-0,0,0,-0,0,0,0,0,-0,1,-0,0,0,-0,0,-0,-0,0,0,0,0,0,0,0,1,0,0,0,0,0,1,0,1,0,0,0,0,1,0,0,0,0,0,0,0,0
440101,,0,0,0,0,0,0,0,0,0,0,0,0,0,0,0,1,0,0,0,0,0,0,0,0,0,0,0,0,0,0,0,0,-0,0,-0,-1,0,0,0,0,0,0,0,0,0,1,0,0,1,0,1,0,0,0,0,1,0,0,1,0,0,0,1,1
440113,,0,0,0,0,0,1,1,1,0,0,0,0,0,0,0,0,0,0,0,0,0,1,0,0,0,0,0,0,0,0,1,0,0,0,1,0,0,-0,0,1,0,-0,-0,-0,0,0,0,2,0,1,0,1,0,1,1,0,0,0,0,1,0,0,1,0
440116,,0,0,0,0,0,0,0,0,0,0,0,0,0,0,0,0,-0,0,0,0,0,0,-0,0,0,-0,-0,0,1,0,0,0,0,0,0,0,0,0,1,0,0,0,0,0,-0,0,0,0,0,1,0,0,0,-0,1,0,0,0,0,0,0,0,0,0
440118,,-0,0,0,0,0,0,-0,0,0,0,0,0,0,0,-0,0,0,0,0,0,0,0,0,0,0,0,0,0,-0,0,0,-0,1,-0,0,0,0,-0,0,-0,0,0,0,0,0,0,0,0,0,0,0,-0,0,0,0,0,0,0,0,0,0,0,0,0
440104,,1,0,0,1,0,0,0,0,0,0,0,1,0,0,0,0,0,0,0,0,0,0,0,1,0,0,1,-2,1,1,-0,0,0,0,0,0,0,0,0,0,0,1,0,1,0,1,1,1,1,1,2,1,1,0,0,1,1,1,1,0,1,1,1,0
440105,,0,0,0,0,0,0,0,0,0,0,0,0,1,0,0,0,0,0,0,0,0,0,0,1,0,0,0,0,0,0,0,1,1,0,0,-0,0,0,0,1,0,0,1,1,1,0,0,1,1,0,1,2,1,1,1,1,1,0,0,0,1,0,1,1
440121,,0,0,0,0,0,0,0,0,0,0,0,-0,0,0,1,0,0,0,0,0,0,0,0,0,0,0,-0,0,0,0,-0,0,-0,-0,0,-0,0,0,0,0,0,-0,0,1,0,0,0,0,0,0,0,1,1,1,1,-0,0,0,1,0,0,0,0,0
440123,,0,0,0,0,0,1,0,0,-0,0,-0,1,0,0,-0,-0,0,0,1,0,-0,0,-0,0,0,0,-0,0,1,0,1,-0,1,0,2,-0,1,0,0,0,0,0,0,1,0,1,-0,0,1,0,1,1,1,0,1,1,1,0,1,1,0,0,1,1
440127,,-1,0,-0,1,0,0,1,1,0,-0,-0,-0,0,-1,-0,1,1,1,0,1,-0,-0,1,0,1,1,0,-0,-0,1,0,0,2,0,1,0,0,0,1,2,1,2,1,0,2,0,1,-1,1,0,-0,1,1,1,1,1,1,-0,-1,-1,0,0,0,0
440227,,-0,-0,-0,-1,0,-0,0,0,0,0,0,-0,-0,0,0,0,0,-0,0,0,0,0,0,0,0,0,0,0,0,0,0,0,-0,0,0,0,0,0,0,0,0,0,0,0,0,1,0,0,0,0,0,0,0,0,0,0,0,0,1,1,1,1,0,1
440240,,1,0,0,0,0,0,0,0,0,0,0,-0,0,1,0,2,1,0,0,0,1,0,-0,2,1,1,-0,0,2,1,0,2,0,1,1,1,0,0,0,0,0,1,1,1,0,1,1,0,0,-0,1,1,1,1,0,1,1,1,1,1,1,0,0,0
440254,,0,0,0,0,0,0,0,0,0,-0,0,0,0,0,0,1,0,0,0,-0,-0,0,0,0,-0,0,-0,0,0,-0,1,0,-0,-0,0,0,0,0,1,0,1,0,0,0,-0,0,0,1,0,0,0,0,1,1,1,1,0,-0,0,-0,0,0,0,0
520331,,0,1,-0,0,0,-0,0,0,1,0,0,-0,1,-0,0,0,0,0,0,1,0,0,0,0,-0,0,-0,0,0,4,-1,1,1,-0,0,-0,0,0,0,1,-0,0,-0,0,0,-0,1,0,0,1,0,1,-0,0,0,1,1,1,2,0,1,0,1,0
320108,,0,0,3,0,-0,0,-0,0,0,3,-1,1,0,2,0,0,0,0,0,0,0,0,0,0,0,2,0,0,0,2,-0,1,0,0,2,0,0,-0,0,-0,1,0,-0,-0,0,4,-0,0,2,1,0,0,0,-0,0,0,-0,0,0,2,1,0,7,0
320115,,0,0,0,3,-0,0,0,-0,0,4,-0,0,3,0,-2,-0,-0,0,-0,0,0,0,0,-0,0,2,1,0,0,0,-0,0,-0,0,2,0,0,-0,0,-1,0,0,0,-0,-0,4,0,0,-0,2,1,0,0,-0,-0,0,0,0,1,-0,3,0,7,1
320122,,0,0,0,0,0,0,0,0,0,3,0,0,0,0,0,0,0,0,0,0,0,0,-0,-0,0,2,1,0,-0,0,-0,0,0,0,3,-0,0,-0,0,-0,0,1,0,-0,0,4,0,0,0,0,0,0,0,1,0,0,0,0,0,0,0,0,8,0
320124,,-1,-0,-3,0,-1,-1,0,1,-1,-0,-0,0,0,4,-2,-0,0,-0,0,-1,0,0,1,-0,0,-0,-3,2,-1,0,-0,-0,0,1,0,-1,0,0,0,-1,1,-0,0,1,-0,0,-1,-1,-0,-0,0,-0,0,-0,0,0,1,0,0,0,0,1,0,0
320206,,0,0,1,2,-0,0,-1,1,1,4,0,0,2,1,0,-0,0,0,-1,-0,0,0,-0,0,1,2,-1,-2,-1,1,6,1,-1,-2,3,1,-2,0,-0,-0,1,0,-0,0,0,5,2,1,1,2,1,0,0,0,-0,-0,0,0,1,0,3,1,8,1
620318,,4,-0,-1,-1,-0,-0,-1,-0,0,-2,0,1,4,0,-1,0,-0,-2,-1,2,1,-1,-0,0,4,0,-1,3,-1,2,2,1,-1,0,0,-1,4,3,1,2,2,1,2,2,1,-0,-0,0,1,1,0,0,1,-1,0,0,0,-0,-1,-0,1,-5,6,-2
620319,,1,-1,-0,-2,-0,-0,3,1,-0,0,-1,1,-0,3,-2,1,-1,0,-1,-0,1,-2,1,-1,-2,3,0,-2,2,-0,5,3,-1,1,1,-0,-0,0,1,-1,1,-3,3,1,0,0,1,0,2,-0,-3,4,-1,-1,-1,2,1,-2,-0,2,2,0,-1,-1
610115,,,,,,,,,,,,,,,,,,,,,,,,,,,,,,,,,,,,,,,,,,,,,,,,,,,,,,,,,,,,,,0,-3,1,0
610227,,0,-0,-0,0,0,0,0,0,-0,0,0,0,0,0,-0,0,0,0,1,-0,0,0,-0,0,0,0,0,-0,-0,0,0,0,0,0,-0,0,0,0,0,-0,0,-0,0,0,0,0,0,0,0,0,0,1,0,0,0,0,0,0,0,0,0,0,0,0
610231,,0,0,1,0,0,0,0,0,0,0,0,1,0,0,0,0,0,0,0,0,0,0,0,1,1,-0,0,0,-0,1,1,1,-1,-1,0,2,0,-0,0,0,1,1,-0,0,1,0,1,-1,1,0,1,1,1,0,1,1,-0,2,1,1,0,1,1,1
610232,,0,0,0,0,1,1,-0,1,0,1,-0,1,-0,0,-0,0,0,0,0,0,1,0,0,2,0,-1,-0,0,-1,0,2,0,0,-0,-2,3,0,0,0,-0,1,0,-1,1,-0,1,0,2,1,0,1,1,0,-1,2,0,1,0,1,2,1,0,2,0
610235,,-0,0,0,0,0,0,0,0,0,0,1,1,0,0,0,0,0,0,0,0,-0,0,0,0,0,0,0,-0,-0,-0,1,0,0,-0,0,2,-0,0,0,-0,0,0,-0,1,-0,1,0,2,0,0,0,0,0,-0,1,0,0,1,-0,2,0,1,1,1
610236,,0,1,-0,0,0,0,0,1,-0,0,0,-0,0,0,0,-0,0,-1,1,0,0,0,-0,2,0,0,0,0,0,-2,-0,1,0,0,-0,0,-0,1,-0,0,0,-0,0,2,1,0,0,0,0,0,1,1,2,-0,1,1,1,0,1,1,0,0,2,0
610238,,0,0,-0,1,0,0,-0,0,0,-0,0,1,1,0,2,0,0,0,0,1,0,0,1,-1,0,0,1,-0,1,-3,-0,1,1,1,-0,-0,0,0,0,0,1,0,-0,0,0,0,-0,2,-0,-0,1,0,1,0,1,0,1,0,1,2,1,0,1,1
610242,,,,,,,,,,,,,,,,,,,,,,,,,,,,,,,,,,,,,,,,,,,,,,,,,,1,-1,-1,1,0,0,-0,0,3,2,-1,2,1,0,0,2
620308,,0,0,-0,0,0,1,0,0,0,-0,-0,0,0,-0,-0,0,0,0,0,1,0,0,1,0,0,1,1,0,1,0,0,1,1,0,0,1,1,0,0,0,-0,0,-1,1,0,-0,-0,1,0,1,1,1,1,0,1,1,1,-0,-0,0,1,1,1,1
620315,,0,-0,0,0,0,0,1,1,0,0,0,0,0,-0,0,0,0,-0,0,0,0,0,0,0,0,0,0,0,-0,1,0,0,-0,-1,-0,0,0,0,0,0,1,0,0,0,-0,0,0,0,-0,0,1,0,0,1,1,0,0,-0,0,1,0,0,1,1
610204,,0,0,0,0,0,-0,0,0,-0,-0,0,0,0,0,0,0,0,1,-1,0,-0,0,1,0,-1,0,-0,0,1,1,1,2,1,-0,1,-0,0,1,1,2,1,1,0,0,2,1,1,3,0,0,1,1,1,1,1,0,-0,0,1,4,1,0,-1,1
610303,,1,-0,-3,-1,4,-0,-3,4,-1,3,-3,3,0,-0,1,-3,5,-0,0,1,-4,3,-2,4,-0,1,-1,-2,5,3,-4,0,-1,0,-1,-0,-2,-2,0,5,3,1,0,-2,0,2,-0,0,2,1,1,2,-0,0,-0,2,3,-0,1,3,-1,-1,1,1
620303,,0,0,0,1,1,1,0,1,1,-0,0,-0,-0,0,-0,-1,0,0,-0,0,0,-0,1,0,-0,1,0,1,1,0,1,1,1,1,1,1,1,0,0,0,0,1,0,1,0,1,1,0,1,-0,0,1,0,1,0,-0,1,0,0,0,1,0,0,1
620307,,3,4,2,6,3,4,3,2,2,-3,-1,-1,-0,2,0,1,-1,-1,-1,-0,0,-0,1,0,-2,-1,-2,-3,3,1,5,4,4,3,2,3,-1,1,-2,2,4,4,9,4,6,4,4,3,-1,-0,3,2,4,5,-1,-2,-2,-4,-6,-4,-2,-2,5,4
